{
	"_meta": {
		"dependencies": {
			"monster": [
				"MM",
				"BAM"
			]
		},
		"otherSources": {
			"monster": {
				"BAM": "LoX",
				"MM": "LoX"
			}
		}
	},
	"monster": [
		{
			"name": "Aarakocra Spelljammer",
			"source": "LoX",
			"page": 43,
			"_copy": {
				"name": "Mage",
				"source": "MM",
				"_templates": [
					{
						"name": "Aarakocra",
						"source": "DMG"
					}
				],
				"_mod": {
					"*": {
						"mode": "replaceTxt",
						"replace": "\\bmage\\b",
						"with": "aarakocra"
					}
				}
			},
			"tokenCustom": true,
			"hasToken": true
		},
		{
			"name": "Agony",
			"isNpc": true,
			"isNamedCreature": true,
			"source": "LoX",
			"page": 34,
			"_copy": {
				"name": "Ghost",
				"source": "MM",
				"_mod": {
					"*": {
						"mode": "replaceTxt",
						"replace": "the ghost",
						"with": "Agony",
						"flags": "i"
					}
				}
			},
			"hasToken": true
		},
		{
			"name": "Astral Blight",
			"source": "LoX",
			"page": 10,
			"size": [
				"M"
			],
			"type": "plant",
			"alignment": [
				"U"
			],
			"ac": [
				{
					"ac": 12,
					"from": [
						"natural armor"
					]
				}
			],
			"hp": {
				"average": 26,
				"formula": "4d8 + 8"
			},
			"speed": {
				"walk": 10
			},
			"str": 16,
			"dex": 8,
			"con": 14,
			"int": 6,
			"wis": 10,
			"cha": 3,
			"senses": [
				"blindsight 60 ft. (blind beyond this radius)"
			],
			"passive": 10,
			"resist": [
				"cold",
				"radiant"
			],
			"cr": "1",
			"trait": [
				{
					"name": "Illumination",
					"entries": [
						"While it has at least 1 hit point, the astral blight sheds dim light in a 10-foot radius."
					]
				},
				{
					"name": "Unusual Nature",
					"entries": [
						"The blight doesn't require air or sleep."
					]
				}
			],
			"action": [
				{
					"name": "Multiattack",
					"entries": [
						"The blight makes two Heat-Draining Vine attacks."
					]
				},
				{
					"name": "Heat-Draining Vine",
					"entries": [
						"{@atk mw} {@hit 5} to hit, reach 10 ft., one target. {@h}6 ({@damage 1d6 + 3}) radiant damage, and if the target is a Large or smaller creature, it is {@condition grappled} (escape {@dc 13}). Until this grapple ends, the target takes 3 ({@damage 1d6}) cold damage at the start of each of its turns. The blight has two vines, each of which can grapple one creature."
					]
				}
			],
			"traitTags": [
				"Illumination",
				"Unusual Nature"
			],
			"senseTags": [
				"B"
			],
			"actionTags": [
				"Multiattack"
			],
			"damageTags": [
				"C",
				"R"
			],
			"miscTags": [
				"AOE",
				"MW",
				"RCH"
			],
			"conditionInflict": [
				"grappled"
			],
			"hasToken": true,
			"hasFluffImages": true
		},
		{
			"name": "Big Momma",
			"shortName": true,
			"isNpc": true,
			"isNamedCreature": true,
			"source": "LoX",
			"page": 29,
			"_copy": {
				"name": "Void Scavver",
				"source": "BAM",
				"_mod": {
					"*": {
						"mode": "replaceTxt",
						"replace": "the scavver",
						"with": "Big Momma",
						"flags": "i"
					}
				}
			},
			"hasToken": true,
			"hasFluffImages": true
		},
		{
			"name": "Commodore Krux",
			"shortName": true,
			"isNpc": true,
			"isNamedCreature": true,
			"source": "LoX",
			"page": 22,
			"_copy": {
				"name": "Giff Shipmate",
				"source": "BAM",
				"_mod": {
					"*": {
						"mode": "replaceTxt",
						"replace": "the giff",
						"with": "Krux",
						"flags": "i"
					}
				}
			},
			"hasToken": true,
			"hasFluffImages": true
		},
		{
			"name": "Elaina Sartell",
			"isNpc": true,
			"isNamedCreature": true,
			"source": "LoX",
			"page": 11,
			"_copy": {
				"name": "Bandit Captain",
				"source": "MM",
				"_mod": {
					"*": {
						"mode": "replaceTxt",
						"replace": "the captain",
						"with": "Elaina",
						"flags": "i"
					}
				}
			},
			"alignment": [
				"C",
				"G"
			],
			"hasToken": true,
			"hasFluffImages": true
		},
		{
			"name": "Fel Ardra",
			"isNpc": true,
			"isNamedCreature": true,
			"source": "LoX",
			"page": 23,
			"_copy": {
				"name": "Cult Fanatic",
				"source": "MM",
				"_templates": [
					{
						"name": "Tiefling",
						"source": "PHB"
					}
				],
				"_mod": {
					"*": {
						"mode": "replaceTxt",
						"replace": "the fanatic",
						"with": "Fel",
						"flags": "i"
					}
				}
			},
			"alignment": [
				"C",
				"N"
			],
			"hasToken": true,
			"hasFluffImages": true
		},
		{
			"name": "Flapjack",
			"isNpc": true,
			"isNamedCreature": true,
			"source": "LoX",
			"page": 13,
			"_copy": {
				"name": "Flumph",
				"source": "MM",
				"_mod": {
					"*": {
						"mode": "replaceTxt",
						"replace": "the flumph",
						"with": "Flapjack",
						"flags": "i"
					}
				}
			},
			"spellcasting": [
				{
					"name": "Spellcasting",
					"type": "spellcasting",
					"headerEntries": [
						"Flapjack casts one of the following spells, requiring no material components and using Intelligence as the spellcasting ability (spell save {@dc 12}):"
					],
					"will": [
						"{@spell mage hand}",
						"{@spell minor illusion}"
					],
					"daily": {
						"1e": [
							"{@spell magic missile}",
							"{@spell unseen servant}"
						]
					},
					"ability": "int",
					"displayAs": "action"
				}
			],
			"damageTagsSpell": [
				"O"
			],
			"spellcastingTags": [
				"O"
			],
			"hasToken": true,
			"hasFluff": true,
			"hasFluffImages": true
		},
		{
			"name": "Grimzod Gargenhale",
			"isNpc": true,
			"isNamedCreature": true,
			"source": "LoX",
			"page": 32,
			"_copy": {
				"name": "Vampirate Captain",
				"source": "BAM",
				"_mod": {
					"*": {
						"mode": "replaceTxt",
						"replace": "the captain",
						"with": "Grimzod",
						"flags": "i"
					}
				}
			},
			"alignment": [
				"C",
				"N"
			],
			"hasToken": true,
			"hasFluffImages": true
		},
		{
			"name": "Hastain",
			"isNpc": true,
			"isNamedCreature": true,
			"source": "LoX",
			"page": 25,
			"_copy": {
				"name": "Reigar",
				"source": "BAM",
				"_mod": {
					"*": {
						"mode": "replaceTxt",
						"replace": "the reigar",
						"with": "Hastain",
						"flags": "i"
					}
				}
			},
			"alignment": [
				"C",
				"E"
			],
			"hasToken": true,
			"hasFluffImages": true
		},
		{
			"name": "Prince Xeleth",
			"shortName": true,
			"isNpc": true,
			"isNamedCreature": true,
			"source": "LoX",
			"page": 48,
			"_copy": {
				"name": "Astral Elf Aristocrat",
				"source": "BAM",
				"_mod": {
					"*": {
						"mode": "replaceTxt",
						"replace": "the elf",
						"with": "Xeleth",
						"flags": "i"
					}
				}
			},
			"alignment": [
				"C",
				"E"
			],
			"hasToken": true,
			"hasFluffImages": true
		},
		{
			"name": "Princess Xedalli",
			"shortName": true,
			"isNpc": true,
			"isNamedCreature": true,
			"source": "LoX",
			"page": 60,
			"_copy": {
				"name": "Astral Elf Aristocrat",
				"source": "BAM",
				"_mod": {
					"*": {
						"mode": "replaceTxt",
						"replace": "the elf",
						"with": "Xedalli",
						"flags": "i"
					}
				}
			},
			"alignment": [
				"C",
				"N"
			],
			"hasToken": true,
			"hasFluffImages": true
		},
		{
			"name": "Topolah",
			"isNpc": true,
			"isNamedCreature": true,
			"source": "LoX",
			"page": 27,
			"_copy": {
				"name": "Mage",
				"source": "MM",
				"_mod": {
					"*": {
						"mode": "replaceTxt",
						"replace": "the mage",
						"with": "Topolah",
						"flags": "i"
					}
				}
			},
			"alignment": [
				"C",
				"G"
			],
			"hasToken": true,
			"hasFluffImages": true
		},
		{
			"name": "Vocath",
			"isNpc": true,
			"isNamedCreature": true,
			"source": "LoX",
			"page": 42,
			"_copy": {
				"name": "Mercane",
				"source": "BAM",
				"_mod": {
					"*": {
						"mode": "replaceTxt",
						"replace": "the mercane",
						"with": "Vocath",
						"flags": "i"
					}
				}
			},
			"hasToken": true,
			"hasFluffImages": true
		},
		{
			"name": "Warwyck Blastimoff",
			"isNpc": true,
			"isNamedCreature": true,
			"source": "LoX",
			"page": 39,
			"_copy": {
				"name": "Giff Shipmate",
				"source": "BAM",
				"_mod": {
					"*": {
						"mode": "replaceTxt",
						"replace": "the giff",
						"with": "Warwyck",
						"flags": "i"
					}
				}
			},
			"alignment": [
				"L",
				"G"
			],
			"hasToken": true,
			"hasFluffImages": true
		}
	]
}
