{
	"monsterFluff": [
		{
			"name": "Gar Shatterkeel",
			"source": "LR",
			"images": [
				{
					"type": "image",
					"href": {
						"type": "internal",
						"path": "bestiary/LR/Gar Shatterkeel.webp"
					},
					"credit": "Raymond Swanland",
					"width": 1533,
					"height": 956
				}
			]
		},
		{
			"name": "Young Kraken",
			"source": "LR",
			"images": [
				{
					"type": "image",
					"href": {
						"type": "internal",
						"path": "bestiary/LR/Young Kraken.webp"
					},
					"credit": "Joachim Barrum",
					"width": 914,
					"height": 1000
				}
			]
		}
	]
}
