{
	"monsterFluff": [
		{
			"name": "Alax Jadescales",
			"source": "LRDT",
			"images": [
				{
					"type": "image",
					"href": {
						"type": "internal",
						"path": "bestiary/LRDT/Alax Jadescales.webp"
					},
					"width": 794,
					"height": 969
				}
			]
		},
		{
			"name": "Ervan Soulfallen",
			"source": "LRDT",
			"images": [
				{
					"type": "image",
					"href": {
						"type": "internal",
						"path": "bestiary/LRDT/Ervan Soulfallen.webp"
					},
					"width": 1256,
					"height": 1270
				}
			]
		}
	]
}
