{
	"monsterFluff": [
		{
			"name": "Demogorgon",
			"source": "HftT",
			"entries": [
				{
					"type": "entries",
					"entries": [
						{
							"type": "entries",
							"entries": [
								"A predator of the Upside Down, the demogorgon hunts the dimension looking for unfortunate creatures that find their way there. The size and shape of an adult humanoid, the demogorgon's mouth encompasses its face and unfolds like a blossoming flower"
							]
						}
					]
				}
			],
			"images": [
				{
					"type": "image",
					"href": {
						"type": "internal",
						"path": "bestiary/HftT/Demogorgon.webp"
					},
					"width": 603,
					"height": 1000
				}
			]
		},
		{
			"name": "Evil Mage",
			"source": "HftT",
			"entries": [
				{
					"type": "entries",
					"entries": [
						{
							"type": "entries",
							"entries": [
								"Evil mages hunger for arcane power and dwell in isolated places, where they can perform terrible magical experiments without interference."
							]
						}
					]
				}
			]
		},
		{
			"name": "Thessalhydra",
			"source": "HftT",
			"entries": [
				{
					"type": "entries",
					"entries": [
						{
							"type": "entries",
							"entries": [
								"The thessalhydra is a strange and terrible creature with eight heads surrounding a large, circular mouth rimmed with jagged teeth. Its maw drips with acid, and its tail ends with a pair of sharp pincers. The thessalhydra is gluttonous and damaging to any environment."
							]
						}
					]
				}
			],
			"images": [
				{
					"type": "image",
					"href": {
						"type": "internal",
						"path": "bestiary/HftT/Thessalhydra.webp"
					},
					"width": 1000,
					"height": 807
				}
			]
		}
	]
}
