{
	"monsterFluff": [
		{
			"name": "Aboleth Spawn",
			"source": "CRCotN",
			"images": [
				{
					"type": "image",
					"href": {
						"type": "internal",
						"path": "bestiary/CRCotN/Aboleth Spawn.webp"
					},
					"credit": "Shawn Wood",
					"width": 999,
					"height": 899
				}
			]
		},
		{
			"name": "Agathe Silverspoon",
			"source": "CRCotN",
			"images": [
				{
					"type": "image",
					"href": {
						"type": "internal",
						"path": "bestiary/CRCotN/011-01-002.agathe-silverspoon.webp"
					},
					"credit": "Zoltan Boros",
					"width": 1700,
					"height": 1102
				}
			]
		},
		{
			"name": "Aloysia Telfan",
			"source": "CRCotN",
			"images": [
				{
					"type": "image",
					"href": {
						"type": "internal",
						"path": "bestiary/CRCotN/031-03-004.aloysia-prolix.webp"
					},
					"credit": "Isabel Gibney",
					"width": 850,
					"height": 2183
				}
			]
		},
		{
			"name": "Alyxian Aboleth",
			"source": "CRCotN",
			"entries": [
				{
					"type": "entries",
					"entries": [
						"The Alyxian Aboleth is a unique creature that believes it carries the soul of the Apotheon within its body, trapped in this aberrant form as divine punishment for his failure to save the world during the Calamity. Veins of ruidium crisscross the aboleth's body, and a secondary face has emerged from its pale green hide. The second face is a mutation that has no effect on the creature's game statistics."
					]
				}
			],
			"images": [
				{
					"type": "image",
					"href": {
						"type": "internal",
						"path": "bestiary/CRCotN/Alyxian Aboleth.webp"
					},
					"credit": "Irina Nordsol",
					"width": 580,
					"height": 1000
				}
			]
		},
		{
			"name": "Alyxian the Absolved",
			"source": "CRCotN",
			"images": [
				{
					"type": "image",
					"href": {
						"type": "internal",
						"path": "bestiary/CRCotN/Alyxian the Absolved.webp"
					},
					"credit": "Nikki Dawes",
					"width": 1700,
					"height": 1100
				}
			]
		},
		{
			"name": "Alyxian the Callous",
			"source": "CRCotN",
			"images": [
				{
					"type": "image",
					"href": {
						"type": "internal",
						"path": "bestiary/CRCotN/Alyxian the Callous.webp"
					},
					"credit": "Zuzanna Wužyk",
					"width": 484,
					"height": 999
				}
			]
		},
		{
			"name": "Alyxian the Dispossessed",
			"source": "CRCotN",
			"images": [
				{
					"type": "image",
					"href": {
						"type": "internal",
						"path": "bestiary/CRCotN/Alyxian the Dispossessed.webp"
					},
					"credit": "Tyler Walpole",
					"width": 486,
					"height": 999
				}
			]
		},
		{
			"name": "Alyxian the Hunter",
			"source": "CRCotN",
			"entries": [
				{
					"type": "entries",
					"entries": [
						"This ruidium golem resembles Alyxian the Apotheon. It remains as rigid as a statue until the characters attack it or until Theo vanishes from the Netherdeep."
					]
				}
			],
			"images": [
				{
					"type": "image",
					"href": {
						"type": "internal",
						"path": "bestiary/CRCotN/Alyxian the Hunter.webp"
					},
					"credit": "Linda Lithén",
					"width": 427,
					"height": 1000
				}
			]
		},
		{
			"name": "Alyxian the Tormented",
			"source": "CRCotN",
			"images": [
				{
					"type": "image",
					"href": {
						"type": "internal",
						"path": "bestiary/CRCotN/Alyxian the Tormented.webp"
					},
					"credit": "Axel Defois",
					"width": 449,
					"height": 999
				}
			]
		},
		{
			"name": "Aradrine the Owl",
			"source": "CRCotN",
			"images": [
				{
					"type": "image",
					"href": {
						"type": "internal",
						"path": "bestiary/CRCotN/057-04-013.master-aradrine-the-owl.webp"
					},
					"credit": "David Sladek",
					"width": 500,
					"height": 850
				}
			]
		},
		{
			"name": "Ashann",
			"source": "CRCotN",
			"images": [
				{
					"type": "image",
					"href": {
						"type": "internal",
						"path": "bestiary/CRCotN/060-04-014.ashann.webp"
					},
					"credit": "Anna Veltkamp",
					"width": 425,
					"height": 850
				}
			]
		},
		{
			"name": "Ayo Jabe (Tier 1)",
			"source": "CRCotN",
			"entries": [
				{
					"type": "entries",
					"entries": [
						"As the de facto leader of a new, unnamed adventuring party, Ayo Jabe has a lot of responsibility on her shoulders. She and her companions have worked odd jobs around the town of Jigow for a few weeks now, and she's starting to feel confident that they're ready for real adventure.",
						"Ayo is a water genasi who was born to orc parents during a terrible storm in the Emerald Gulch. Her family has lived in Jigow for generations, and she's eager to leave home and see the world.",
						"Ayo picked up her combat skills while working as a hunter for the town of Jigow. She recently joined up with her childhood friend Dermot, as well as Maggie Keeneyes, a mercenary who came to town several weeks ago. Despite Maggie's brusque demeanor, she became a loyal friend of Ayo and Dermot, and the three of them have become inseparable, even as more adventurers have joined their party.",
						"Ayo is hotheaded and appreciates people who make decisions as impulsively as she does. Nevertheless, she respects Dermot's even-tempered advice and dutifully plays the role of the wise leader. She has no patience for people who are indecisive, and she is infuriated by people who don't say what they really mean.",
						{
							"type": "inset",
							"name": "Battle Chatter Sample Quotes",
							"entries": [
								"\"Okay team, they're off-balance. Rally!\" \"Have you had enough?\" \"Yeah, just give up. You're finished.\""
							]
						}
					]
				},
				{
					"type": "section",
					"entries": [
						{
							"type": "entries",
							"name": "Rival Stat Blocks",
							"entries": [
								"Stat blocks for the rivals can be found in appendix A. Each of the rivals has three stat blocks; like the characters, they become more powerful as the adventure progresses. The Rival Stat Blocks table shows you which stat blocks to use based on the chapter you are running.",
								{
									"type": "entries",
									"name": "Rival Stat Blocks",
									"entries": [
										{
											"type": "table",
											"colLabels": [
												"Chapters",
												"Stat Blocks"
											],
											"colStyles": [
												"col-5",
												"col-7"
											],
											"rows": [
												[
													"1 and 2",
													"Ayo Jabe (Tier 1)"
												],
												[
													"3 and 4",
													"Ayo Jabe (Tier 2)"
												],
												[
													"5, 6, and 7",
													"Ayo Jabe (Tier 3)"
												]
											]
										},
										"The tier 1 rivals are fledgling adventurers who have gained a modicum of power through their individual exploits before the beginning of this story. They are seeking to write a grand tale of their own."
									]
								}
							]
						}
					]
				}
			],
			"images": [
				{
					"type": "image",
					"href": {
						"type": "internal",
						"path": "bestiary/CRCotN/Ayo Jabe (Tier 1).webp"
					},
					"credit": "Nikki Dawes",
					"width": 661,
					"height": 832
				}
			]
		},
		{
			"name": "Ayo Jabe (Tier 2)",
			"source": "CRCotN",
			"entries": [
				{
					"type": "entries",
					"entries": [
						"As the de facto leader of a new, unnamed adventuring party, Ayo Jabe has a lot of responsibility on her shoulders. She and her companions have worked odd jobs around the town of Jigow for a few weeks now, and she's starting to feel confident that they're ready for real adventure.",
						"Ayo is a water genasi who was born to orc parents during a terrible storm in the Emerald Gulch. Her family has lived in Jigow for generations, and she's eager to leave home and see the world.",
						"Ayo picked up her combat skills while working as a hunter for the town of Jigow. She recently joined up with her childhood friend Dermot, as well as Maggie Keeneyes, a mercenary who came to town several weeks ago. Despite Maggie's brusque demeanor, she became a loyal friend of Ayo and Dermot, and the three of them have become inseparable, even as more adventurers have joined their party.",
						"Ayo is hotheaded and appreciates people who make decisions as impulsively as she does. Nevertheless, she respects Dermot's even-tempered advice and dutifully plays the role of the wise leader. She has no patience for people who are indecisive, and she is infuriated by people who don't say what they really mean.",
						{
							"type": "inset",
							"name": "Battle Chatter Sample Quotes",
							"entries": [
								"\"Okay team, they're off-balance. Rally!\" \"Have you had enough?\" \"Yeah, just give up. You're finished.\""
							]
						}
					]
				},
				{
					"type": "section",
					"entries": [
						{
							"type": "entries",
							"name": "Rival Stat Blocks",
							"entries": [
								"Stat blocks for the rivals can be found in appendix A. Each of the rivals has three stat blocks; like the characters, they become more powerful as the adventure progresses. The Rival Stat Blocks table shows you which stat blocks to use based on the chapter you are running.",
								{
									"type": "entries",
									"name": "Rival Stat Blocks",
									"entries": [
										{
											"type": "table",
											"colLabels": [
												"Chapters",
												"Stat Blocks"
											],
											"colStyles": [
												"col-5",
												"col-7"
											],
											"rows": [
												[
													"1 and 2",
													"Ayo Jabe (Tier 1)"
												],
												[
													"3 and 4",
													"Ayo Jabe (Tier 2)"
												],
												[
													"5, 6, and 7",
													"Ayo Jabe (Tier 3)"
												]
											]
										},
										"The tier 2 rivals are learning that their adventures take them into horrific places that will test their mettle, but they face these challenges with heads held high."
									]
								}
							]
						}
					]
				}
			]
		},
		{
			"name": "Ayo Jabe (Tier 3)",
			"source": "CRCotN",
			"entries": [
				{
					"type": "entries",
					"entries": [
						"As the de facto leader of a new, unnamed adventuring party, Ayo Jabe has a lot of responsibility on her shoulders. She and her companions have worked odd jobs around the town of Jigow for a few weeks now, and she's starting to feel confident that they're ready for real adventure.",
						"Ayo is a water genasi who was born to orc parents during a terrible storm in the Emerald Gulch. Her family has lived in Jigow for generations, and she's eager to leave home and see the world.",
						"Ayo picked up her combat skills while working as a hunter for the town of Jigow. She recently joined up with her childhood friend Dermot, as well as Maggie Keeneyes, a mercenary who came to town several weeks ago. Despite Maggie's brusque demeanor, she became a loyal friend of Ayo and Dermot, and the three of them have become inseparable, even as more adventurers have joined their party.",
						"Ayo is hotheaded and appreciates people who make decisions as impulsively as she does. Nevertheless, she respects Dermot's even-tempered advice and dutifully plays the role of the wise leader. She has no patience for people who are indecisive, and she is infuriated by people who don't say what they really mean.",
						{
							"type": "inset",
							"name": "Battle Chatter Sample Quotes",
							"entries": [
								"\"Okay team, they're off-balance. Rally!\" \"Have you had enough?\" \"Yeah, just give up. You're finished.\""
							]
						}
					]
				},
				{
					"type": "section",
					"entries": [
						{
							"type": "entries",
							"name": "Rival Stat Blocks",
							"entries": [
								"Stat blocks for the rivals can be found in appendix A. Each of the rivals has three stat blocks; like the characters, they become more powerful as the adventure progresses. The Rival Stat Blocks table shows you which stat blocks to use based on the chapter you are running.",
								{
									"type": "entries",
									"name": "Rival Stat Blocks",
									"entries": [
										{
											"type": "table",
											"colLabels": [
												"Chapters",
												"Stat Blocks"
											],
											"colStyles": [
												"col-5",
												"col-7"
											],
											"rows": [
												[
													"1 and 2",
													"Ayo Jabe (Tier 1)"
												],
												[
													"3 and 4",
													"Ayo Jabe (Tier 2)"
												],
												[
													"5, 6, and 7",
													"Ayo Jabe (Tier 3)"
												]
											]
										},
										"Their journey has forced the tier 3 rivals to make decisions, sometimes out of grim necessity, that they might have not made earlier. All five suffer from ruidium corruption (see \"Ruidium \"in the introduction). When the characters encounter them, assume that the rivals have removed all levels of exhaustion from themselves through rest or magic, but the other effects of ruidium corruption remain.",
										"If instead you want to weaken the rivals to make them less of a physical threat or reinforce the danger of ruidium corruption, you can give one or more of the rivals {@dice 1d4} levels of exhaustion each. In this case, you'll need to keep track of each rival's exhaustion level and the condition's corresponding effects (see \"Exhaustion \"in the {@i Player's Handbook}).",
										{
											"type": "entries",
											"name": "Useful Magic",
											"entries": [
												"To facilitate their efforts, Galsariad has learned the water breathing spell. Additionally, all the rivals have acquired ruidium equipment to protect them from the effects of underwater pressure."
											]
										}
									]
								}
							]
						}
					]
				}
			],
			"images": [
				{
					"type": "image",
					"href": {
						"type": "internal",
						"path": "bestiary/CRCotN/Ayo Jabe (Tier 3).webp"
					},
					"credit": "Nikki Dawes",
					"width": 416,
					"height": 1024
				}
			]
		},
		{
			"name": "Celeste",
			"source": "CRCotN",
			"images": [
				{
					"type": "image",
					"href": {
						"type": "internal",
						"path": "bestiary/CRCotN/075-06-004.three-ghosts.webp"
					},
					"credit": "Maria Zolotukhina",
					"width": 1700,
					"height": 1118
				}
			]
		},
		{
			"name": "Corrupted Giant Shark",
			"source": "CRCotN",
			"entries": [
				{
					"type": "entries",
					"entries": [
						"In addition to its vicious bite, this giant shark projects a psychic aura that causes painful mental distress in other creatures nearby. The crystals that corrupt the shark's body enable it to regenerate, and only radiant energy or particularly devastating attacks can overcome this unnatural defense."
					]
				}
			],
			"images": [
				{
					"type": "image",
					"href": {
						"type": "internal",
						"path": "bestiary/CRCotN/Corrupted Giant Shark.webp"
					},
					"credit": "Jessica Nguyen",
					"width": 999,
					"height": 637
				}
			]
		},
		{
			"name": "Death Embrace",
			"source": "CRCotN",
			"entries": [
				{
					"type": "entries",
					"entries": [
						"Drifting through the dark waters of the Netherdeep, the death embrace is an ominous sight. Beneath its bell hangs a lacy, tendrilous mass that thrums with magic, surrounded by six 60-foot-long, barbed tentacles. The death embrace uses these tentacles to grasp and petrify its prey.",
						"Despite its foreboding name, the death embrace is not an overly aggressive creature. It prefers to bide its time, using creatures it has caught in its tentacles as shields to absorb attacks."
					]
				}
			],
			"images": [
				{
					"type": "image",
					"href": {
						"type": "internal",
						"path": "bestiary/CRCotN/Death Embrace.webp"
					},
					"credit": "Crystal Sully",
					"width": 1700,
					"height": 1050
				}
			]
		},
		{
			"name": "Dermot Wurder (Tier 1)",
			"source": "CRCotN",
			"entries": [
				{
					"type": "entries",
					"entries": [
						"When you're the twelfth son of a poor goblin family in Jigow, the only way to make a name for yourself is to become a great champion\u2014someone who can win bragging contests in the local taverns night after night. Young Dermot Wurder, however, wasn't interested in performing feats of strength or agility that would win him a boast-worthy epithet. Fame wasn't for him, nor was the aggressiveness that becoming famous required. He was more interested in cooking, planting flowers, and sewing clothes\u2014doing the work that kept his family together while his carefree siblings dove off waterfalls and wrestled stray dogs.",
						"Dermot and Ayo Jabe have known each other long enough that their first meeting has vanished into the haze of youthful pre-memory. Dermot accompanied Ayo whenever he could, packing herbs and medicines when they went exploring in the woods. When Ayo recently told him of her dream to form an adventuring party, he started training to wear heavy armor and threw himself into studying the faith of the Luxon so he could wield the blessings of the light to protect those he cares about.",
						"Dermot is fiercely protective of his friends and furiously rebukes anyone who disparages or threatens them. His deepest need\u2014one even he doesn't know he has\u2014is to make a friend who will help him realize what he wants for himself.",
						{
							"type": "inset",
							"name": "Battle Chatter Sample Quotes",
							"entries": [
								"\"I'm here to make sure no one dies. Back off!\" \"The Luxon will protect me.\" \"Ayo, Maggie, I could use a little help here!\""
							]
						}
					]
				},
				{
					"type": "section",
					"entries": [
						{
							"type": "entries",
							"name": "Rival Stat Blocks",
							"entries": [
								"Stat blocks for the rivals can be found in appendix A. Each of the rivals has three stat blocks; like the characters, they become more powerful as the adventure progresses. The Rival Stat Blocks table shows you which stat blocks to use based on the chapter you are running.",
								{
									"type": "entries",
									"name": "Rival Stat Blocks",
									"entries": [
										{
											"type": "table",
											"colLabels": [
												"Chapters",
												"Stat Blocks"
											],
											"colStyles": [
												"col-4",
												"col-8"
											],
											"rows": [
												[
													"1 and 2",
													"Dermot Wurder (Tier 1)"
												],
												[
													"3 and 4",
													"Dermot Wurder (Tier 2)"
												],
												[
													"5, 6, and 7",
													"Dermot Wurder (Tier 3)"
												]
											]
										},
										"The tier 1 rivals are fledgling adventurers who have gained a modicum of power through their individual exploits before the beginning of this story. They are seeking to write a grand tale of their own."
									]
								}
							]
						}
					]
				}
			],
			"images": [
				{
					"type": "image",
					"href": {
						"type": "internal",
						"path": "bestiary/CRCotN/Dermot Wurder (Tier 1).webp"
					},
					"credit": "Nikki Dawes",
					"width": 850,
					"height": 798
				}
			]
		},
		{
			"name": "Dermot Wurder (Tier 2)",
			"source": "CRCotN",
			"entries": [
				{
					"type": "entries",
					"entries": [
						"When you're the twelfth son of a poor goblin family in Jigow, the only way to make a name for yourself is to become a great champion\u2014someone who can win bragging contests in the local taverns night after night. Young Dermot Wurder, however, wasn't interested in performing feats of strength or agility that would win him a boast-worthy epithet. Fame wasn't for him, nor was the aggressiveness that becoming famous required. He was more interested in cooking, planting flowers, and sewing clothes\u2014doing the work that kept his family together while his carefree siblings dove off waterfalls and wrestled stray dogs.",
						"Dermot and Ayo Jabe have known each other long enough that their first meeting has vanished into the haze of youthful pre-memory. Dermot accompanied Ayo whenever he could, packing herbs and medicines when they went exploring in the woods. When Ayo recently told him of her dream to form an adventuring party, he started training to wear heavy armor and threw himself into studying the faith of the Luxon so he could wield the blessings of the light to protect those he cares about.",
						"Dermot is fiercely protective of his friends and furiously rebukes anyone who disparages or threatens them. His deepest need\u2014one even he doesn't know he has\u2014is to make a friend who will help him realize what he wants for himself.",
						{
							"type": "inset",
							"name": "Battle Chatter Sample Quotes",
							"entries": [
								"\"I'm here to make sure no one dies. Back off!\" \"The Luxon will protect me.\" \"Ayo, Maggie, I could use a little help here!\""
							]
						}
					]
				},
				{
					"type": "section",
					"entries": [
						{
							"type": "entries",
							"name": "Rival Stat Blocks",
							"entries": [
								"Stat blocks for the rivals can be found in appendix A. Each of the rivals has three stat blocks; like the characters, they become more powerful as the adventure progresses. The Rival Stat Blocks table shows you which stat blocks to use based on the chapter you are running.",
								{
									"type": "entries",
									"name": "Rival Stat Blocks",
									"entries": [
										{
											"type": "table",
											"colLabels": [
												"Chapters",
												"Stat Blocks"
											],
											"colStyles": [
												"col-4",
												"col-8"
											],
											"rows": [
												[
													"1 and 2",
													"Dermot Wurder (Tier 1)"
												],
												[
													"3 and 4",
													"Dermot Wurder (Tier 2)"
												],
												[
													"5, 6, and 7",
													"Dermot Wurder (Tier 3)"
												]
											]
										},
										"The tier 2 rivals are learning that their adventures take them into horrific places that will test their mettle, but they face these challenges with heads held high."
									]
								}
							]
						}
					]
				}
			]
		},
		{
			"name": "Dermot Wurder (Tier 3)",
			"source": "CRCotN",
			"entries": [
				{
					"type": "entries",
					"entries": [
						"When you're the twelfth son of a poor goblin family in Jigow, the only way to make a name for yourself is to become a great champion\u2014someone who can win bragging contests in the local taverns night after night. Young Dermot Wurder, however, wasn't interested in performing feats of strength or agility that would win him a boast-worthy epithet. Fame wasn't for him, nor was the aggressiveness that becoming famous required. He was more interested in cooking, planting flowers, and sewing clothes\u2014doing the work that kept his family together while his carefree siblings dove off waterfalls and wrestled stray dogs.",
						"Dermot and Ayo Jabe have known each other long enough that their first meeting has vanished into the haze of youthful pre-memory. Dermot accompanied Ayo whenever he could, packing herbs and medicines when they went exploring in the woods. When Ayo recently told him of her dream to form an adventuring party, he started training to wear heavy armor and threw himself into studying the faith of the Luxon so he could wield the blessings of the light to protect those he cares about.",
						"Dermot is fiercely protective of his friends and furiously rebukes anyone who disparages or threatens them. His deepest need\u2014one even he doesn't know he has\u2014is to make a friend who will help him realize what he wants for himself.",
						{
							"type": "inset",
							"name": "Battle Chatter Sample Quotes",
							"entries": [
								"\"I'm here to make sure no one dies. Back off!\" \"The Luxon will protect me.\" \"Ayo, Maggie, I could use a little help here!\""
							]
						}
					]
				},
				{
					"type": "section",
					"entries": [
						{
							"type": "entries",
							"name": "Rival Stat Blocks",
							"entries": [
								"Stat blocks for the rivals can be found in appendix A. Each of the rivals has three stat blocks; like the characters, they become more powerful as the adventure progresses. The Rival Stat Blocks table shows you which stat blocks to use based on the chapter you are running.",
								{
									"type": "entries",
									"name": "Rival Stat Blocks",
									"entries": [
										{
											"type": "table",
											"colLabels": [
												"Chapters",
												"Stat Blocks"
											],
											"colStyles": [
												"col-4",
												"col-8"
											],
											"rows": [
												[
													"1 and 2",
													"Dermot Wurder (Tier 1)"
												],
												[
													"3 and 4",
													"Dermot Wurder (Tier 2)"
												],
												[
													"5, 6, and 7",
													"Dermot Wurder (Tier 3)"
												]
											]
										},
										"Their journey has forced the tier 3 rivals to make decisions, sometimes out of grim necessity, that they might have not made earlier. All five suffer from ruidium corruption (see \"Ruidium \"in the introduction). When the characters encounter them, assume that the rivals have removed all levels of exhaustion from themselves through rest or magic, but the other effects of ruidium corruption remain.",
										"If instead you want to weaken the rivals to make them less of a physical threat or reinforce the danger of ruidium corruption, you can give one or more of the rivals {@dice 1d4} levels of exhaustion each. In this case, you'll need to keep track of each rival's exhaustion level and the condition's corresponding effects (see \"Exhaustion \"in the {@i Player's Handbook}).",
										{
											"type": "entries",
											"name": "Useful Magic",
											"entries": [
												"To facilitate their efforts, Galsariad has learned the water breathing spell. Additionally, all the rivals have acquired ruidium equipment to protect them from the effects of underwater pressure."
											]
										}
									]
								}
							]
						}
					]
				}
			],
			"images": [
				{
					"type": "image",
					"href": {
						"type": "internal",
						"path": "bestiary/CRCotN/Dermot Wurder (Tier 3).webp"
					},
					"credit": "Nikki Dawes",
					"width": 896,
					"height": 1024
				}
			]
		},
		{
			"name": "Foghome",
			"source": "CRCotN",
			"images": [
				{
					"type": "image",
					"href": {
						"type": "internal",
						"path": "bestiary/CRCotN/032-03-005.foghome-the-firbolg.webp"
					},
					"credit": "Shawn Wood",
					"width": 757,
					"height": 850
				}
			]
		},
		{
			"name": "Galeokaerda",
			"source": "CRCotN",
			"entries": [
				{
					"type": "entries",
					"entries": [
						"Galeokaerda has long posed as a professor of the Allegiance of Allsight and has become Insight's friend.",
						"Unknown to Professor Acuere, Galeokaerda is the Consortium spy."
					]
				},
				{
					"type": "section",
					"entries": [
						{
							"type": "entries",
							"name": "Occultists of the Vermilion Dream",
							"entries": [
								"The Consortium of the Vermilion Dream is viewed as an esoteric, profit-driven, but ultimately harmless cabal of ghost hunters and perpetuators of urban legends. This perception isn't inaccurate, but the consortium's leadership is obsessed with one set of legends in particular: those involving the Moon of Ill Omen, Ruidus, and the ancient figures cursed by exposure to its alien influence.",
								"The cruelest desires and predilections of the consortium's most obsessive agents have been enhanced by contact with ruidium-tainted items.",
								{
									"type": "entries",
									"name": "Occult Extollant",
									"entries": [
										"Occult extollants delve deep into ancient legends and seek to solve mysteries that have led other investigators to their doom, driven by an unquenchable yearning to know the unknown."
									]
								}
							]
						}
					]
				}
			],
			"images": [
				{
					"type": "image",
					"href": {
						"type": "internal",
						"path": "bestiary/CRCotN/Galeokaerda.webp"
					},
					"credit": "Jessica Mahon",
					"width": 444,
					"height": 850
				}
			]
		},
		{
			"name": "Galsariad Ardyth (Tier 1)",
			"source": "CRCotN",
			"entries": [
				{
					"type": "entries",
					"entries": [
						"Beautiful, ethereal, deathly, shadowy\u2014all accurately describe Galsariad Ardyth, a drow in his two-hundredth year of life. He's recently taken up the study of arcane magic, and he's pursuing the life of an adventurer in hopes of improving his reputation within the Kryn Dynasty. Loquacious, snarky, and sarcastic to a fault, he's ready with a barb for any occasion\u2014usually to mask his own insecurities.",
						"A city-dweller from the Kryn capital of Rosohna, Galsariad is blessed with sharp aesthetic sensibilities and an interest in ancient lore, especially history concerning the Age of Arcanum, Exandria's long-lost magical golden age. He's also the newest member of the rival party, and both Ayo and Irvan are impressed by his ethereal elegance\u2014and have a bit of a crush on him, even if he does talk too much.",
						"Galsariad appreciates people who share his interests and are willing to spend time studying with him, though he also likes it when people treat him with respect even if they don't care about magic. He dislikes people who keep secrets from him, and hates when people judge him for being a novice at magic even though he's centuries old.",
						{
							"type": "inset",
							"name": "Battle Chatter Sample Quotes",
							"entries": [
								"\"You have much to learn.\" \"And here I thought you possessed some talent.\" \"With this next incantation, I shall pluck any hope of victory from your mind.\""
							]
						}
					]
				},
				{
					"type": "section",
					"entries": [
						{
							"type": "entries",
							"name": "Rival Stat Blocks",
							"entries": [
								"Stat blocks for the rivals can be found in appendix A. Each of the rivals has three stat blocks; like the characters, they become more powerful as the adventure progresses. The Rival Stat Blocks table shows you which stat blocks to use based on the chapter you are running.",
								{
									"type": "entries",
									"name": "Rival Stat Blocks",
									"entries": [
										{
											"type": "table",
											"colLabels": [
												"Chapters",
												"Stat Blocks"
											],
											"colStyles": [
												"col-4",
												"col-8"
											],
											"rows": [
												[
													"1 and 2",
													"Galsariad Ardyth (Tier 1)"
												],
												[
													"3 and 4",
													"Galsariad Ardyth (Tier 2)"
												],
												[
													"5, 6, and 7",
													"Galsariad Ardyth (Tier 3)"
												]
											]
										},
										"The tier 1 rivals are fledgling adventurers who have gained a modicum of power through their individual exploits before the beginning of this story. They are seeking to write a grand tale of their own."
									]
								}
							]
						}
					]
				}
			],
			"images": [
				{
					"type": "image",
					"href": {
						"type": "internal",
						"path": "bestiary/CRCotN/Galsariad Ardyth (Tier 1).webp"
					},
					"credit": "Nikki Dawes",
					"width": 699,
					"height": 850
				}
			]
		},
		{
			"name": "Galsariad Ardyth (Tier 2)",
			"source": "CRCotN",
			"entries": [
				{
					"type": "entries",
					"entries": [
						"Beautiful, ethereal, deathly, shadowy\u2014all accurately describe Galsariad Ardyth, a drow in his two-hundredth year of life. He's recently taken up the study of arcane magic, and he's pursuing the life of an adventurer in hopes of improving his reputation within the Kryn Dynasty. Loquacious, snarky, and sarcastic to a fault, he's ready with a barb for any occasion\u2014usually to mask his own insecurities.",
						"A city-dweller from the Kryn capital of Rosohna, Galsariad is blessed with sharp aesthetic sensibilities and an interest in ancient lore, especially history concerning the Age of Arcanum, Exandria's long-lost magical golden age. He's also the newest member of the rival party, and both Ayo and Irvan are impressed by his ethereal elegance\u2014and have a bit of a crush on him, even if he does talk too much.",
						"Galsariad appreciates people who share his interests and are willing to spend time studying with him, though he also likes it when people treat him with respect even if they don't care about magic. He dislikes people who keep secrets from him, and hates when people judge him for being a novice at magic even though he's centuries old.",
						{
							"type": "inset",
							"name": "Battle Chatter Sample Quotes",
							"entries": [
								"\"You have much to learn.\" \"And here I thought you possessed some talent.\" \"With this next incantation, I shall pluck any hope of victory from your mind.\""
							]
						}
					]
				},
				{
					"type": "section",
					"entries": [
						{
							"type": "entries",
							"name": "Rival Stat Blocks",
							"entries": [
								"Stat blocks for the rivals can be found in appendix A. Each of the rivals has three stat blocks; like the characters, they become more powerful as the adventure progresses. The Rival Stat Blocks table shows you which stat blocks to use based on the chapter you are running.",
								{
									"type": "entries",
									"name": "Rival Stat Blocks",
									"entries": [
										{
											"type": "table",
											"colLabels": [
												"Chapters",
												"Stat Blocks"
											],
											"colStyles": [
												"col-4",
												"col-8"
											],
											"rows": [
												[
													"1 and 2",
													"Galsariad Ardyth (Tier 1)"
												],
												[
													"3 and 4",
													"Galsariad Ardyth (Tier 2)"
												],
												[
													"5, 6, and 7",
													"Galsariad Ardyth (Tier 3)"
												]
											]
										},
										"The tier 2 rivals are learning that their adventures take them into horrific places that will test their mettle, but they face these challenges with heads held high."
									]
								}
							]
						}
					]
				}
			]
		},
		{
			"name": "Galsariad Ardyth (Tier 3)",
			"source": "CRCotN",
			"entries": [
				{
					"type": "entries",
					"entries": [
						"Beautiful, ethereal, deathly, shadowy\u2014all accurately describe Galsariad Ardyth, a drow in his two-hundredth year of life. He's recently taken up the study of arcane magic, and he's pursuing the life of an adventurer in hopes of improving his reputation within the Kryn Dynasty. Loquacious, snarky, and sarcastic to a fault, he's ready with a barb for any occasion\u2014usually to mask his own insecurities.",
						"A city-dweller from the Kryn capital of Rosohna, Galsariad is blessed with sharp aesthetic sensibilities and an interest in ancient lore, especially history concerning the Age of Arcanum, Exandria's long-lost magical golden age. He's also the newest member of the rival party, and both Ayo and Irvan are impressed by his ethereal elegance\u2014and have a bit of a crush on him, even if he does talk too much.",
						"Galsariad appreciates people who share his interests and are willing to spend time studying with him, though he also likes it when people treat him with respect even if they don't care about magic. He dislikes people who keep secrets from him, and hates when people judge him for being a novice at magic even though he's centuries old.",
						{
							"type": "inset",
							"name": "Battle Chatter Sample Quotes",
							"entries": [
								"\"You have much to learn.\" \"And here I thought you possessed some talent.\" \"With this next incantation, I shall pluck any hope of victory from your mind.\""
							]
						}
					]
				},
				{
					"type": "section",
					"entries": [
						{
							"type": "entries",
							"name": "Rival Stat Blocks",
							"entries": [
								"Stat blocks for the rivals can be found in appendix A. Each of the rivals has three stat blocks; like the characters, they become more powerful as the adventure progresses. The Rival Stat Blocks table shows you which stat blocks to use based on the chapter you are running.",
								{
									"type": "entries",
									"name": "Rival Stat Blocks",
									"entries": [
										{
											"type": "table",
											"colLabels": [
												"Chapters",
												"Stat Blocks"
											],
											"colStyles": [
												"col-4",
												"col-8"
											],
											"rows": [
												[
													"1 and 2",
													"Galsariad Ardyth (Tier 1)"
												],
												[
													"3 and 4",
													"Galsariad Ardyth (Tier 2)"
												],
												[
													"5, 6, and 7",
													"Galsariad Ardyth (Tier 3)"
												]
											]
										},
										"Their journey has forced the tier 3 rivals to make decisions, sometimes out of grim necessity, that they might have not made earlier. All five suffer from ruidium corruption (see \"Ruidium \"in the introduction). When the characters encounter them, assume that the rivals have removed all levels of exhaustion from themselves through rest or magic, but the other effects of ruidium corruption remain.",
										"If instead you want to weaken the rivals to make them less of a physical threat or reinforce the danger of ruidium corruption, you can give one or more of the rivals {@dice 1d4} levels of exhaustion each. In this case, you'll need to keep track of each rival's exhaustion level and the condition's corresponding effects (see \"Exhaustion \"in the {@i Player's Handbook}).",
										{
											"type": "entries",
											"name": "Useful Magic",
											"entries": [
												"To facilitate their efforts, Galsariad has learned the water breathing spell. Additionally, all the rivals have acquired ruidium equipment to protect them from the effects of underwater pressure."
											]
										}
									]
								}
							]
						}
					]
				}
			],
			"images": [
				{
					"type": "image",
					"href": {
						"type": "internal",
						"path": "bestiary/CRCotN/Galsariad Ardyth (Tier 3).webp"
					},
					"credit": "Nikki Dawes",
					"width": 339,
					"height": 736
				}
			]
		},
		{
			"name": "Gryz Alakritos",
			"source": "CRCotN",
			"images": [
				{
					"type": "image",
					"href": {
						"type": "internal",
						"path": "bestiary/CRCotN/042-04-002.headmasters-allsight.webp"
					},
					"credit": "Tyler Walpole",
					"width": 417,
					"height": 850
				}
			]
		},
		{
			"name": "Insight Acuere",
			"source": "CRCotN",
			"entries": [
				{
					"type": "entries",
					"entries": [
						"Insight is the primary archivist for the Cael Morrow archaeological project and would put her life on the line to ensure its success. She is willing to share the results of her research with fellow Allegiance members."
					]
				},
				{
					"type": "section",
					"entries": [
						{
							"type": "entries",
							"name": "Scholars of Allsight",
							"entries": [
								"The Allegiance of Allsight is a scholarly faction that operates primarily within the Marquesian metropolis of Ank'Harel. Though most members of the allegiance are academics unfamiliar with combat, the faction's field agents are skilled archaeologists who are also trained to contend with and overcome the threats that lurk in the depths of Exandria.",
								{
									"type": "entries",
									"name": "Scholarly Mastermind",
									"entries": [
										"Scholarly masterminds are the formidable leaders of academic research organizations, responsible for planning and carrying out operations that delve into the secrets of the past. Some masterminds are headmasters at academies or universities. Others operate individually and in secret, pursuing agendas that might diverge wildly from those of the rest of their organization."
									]
								}
							]
						}
					]
				}
			],
			"images": [
				{
					"type": "image",
					"href": {
						"type": "internal",
						"path": "bestiary/CRCotN/Insight Acuere.webp"
					},
					"credit": "Lauren Walsh",
					"width": 487,
					"height": 850
				}
			]
		},
		{
			"name": "Irvan Wastewalker (Tier 1)",
			"source": "CRCotN",
			"entries": [
				{
					"type": "entries",
					"entries": [
						"The name \"Wastewalker\" conjures fear on the plains of Xhorhas, as the name of a clan of Xhorhasian nomads. Irvan\u2014Irv to his friends\u2014was born into that clan, but he hates the name. He left his family when he was a teenager, struck out on his own across the wastes, and made his way to the city of Asarius. Even though the \"City of Beasts\" is renowned for danger, Irv felt at home there in a way he'd never felt with his clan.",
						"He earned a reputation for being a party animal who could put down a dozen drinks in a night and still dance with the vigor and elegance of an archfey. Irv is young\u2014just a few weeks past his nineteenth birthday\u2014and he is secretly ashamed of his patchy beard and scrawny, human body. He has a bigger secret related to that feeling: he was consecuted in another life. The act of consecution is a sacred Kryn ritual of rebirth through the mystical power of the Luxon. Irvan has memories of his previous life as a bugbear of Den Hythenos, and he hopes to prove to himself that he can do great things without the aid of his powerful \"family\" in the Kryn Dynasty.",
						"He met Ayo and her friends when he traveled to Jigow to experience its contests of strength and skill. He sticks with the group in part because he's interested in what adventures they'll get into, and also because he's smitten with the group's newest addition, a drow arcanist named Galsariad.",
						{
							"type": "inset",
							"name": "Battle Chatter Sample Quotes",
							"entries": [
								"\"Heh, that was a good hit, wasn't it?\" \"Come on, come on! Eyes on me!\" \"Can I have this dance? No?\""
							]
						}
					]
				},
				{
					"type": "section",
					"entries": [
						{
							"type": "entries",
							"name": "Rival Stat Blocks",
							"entries": [
								"Stat blocks for the rivals can be found in appendix A. Each of the rivals has three stat blocks; like the characters, they become more powerful as the adventure progresses. The Rival Stat Blocks table shows you which stat blocks to use based on the chapter you are running.",
								{
									"type": "entries",
									"name": "Rival Stat Blocks",
									"entries": [
										{
											"type": "table",
											"colLabels": [
												"Chapters",
												"Stat Blocks"
											],
											"colStyles": [
												"col-4",
												"col-8"
											],
											"rows": [
												[
													"1 and 2",
													"Irvan Wastewalker (Tier 1)"
												],
												[
													"3 and 4",
													"Irvan Wastewalker (Tier 2)"
												],
												[
													"5, 6, and 7",
													"Irvan Wastewalker (Tier 3)"
												]
											]
										},
										"The tier 1 rivals are fledgling adventurers who have gained a modicum of power through their individual exploits before the beginning of this story. They are seeking to write a grand tale of their own."
									]
								}
							]
						}
					]
				}
			],
			"images": [
				{
					"type": "image",
					"href": {
						"type": "internal",
						"path": "bestiary/CRCotN/Irvan Wastewalker (Tier 1).webp"
					},
					"credit": "Nikki Dawes",
					"width": 715,
					"height": 850
				}
			]
		},
		{
			"name": "Irvan Wastewalker (Tier 2)",
			"source": "CRCotN",
			"entries": [
				{
					"type": "entries",
					"entries": [
						"The name \"Wastewalker\" conjures fear on the plains of Xhorhas, as the name of a clan of Xhorhasian nomads. Irvan\u2014Irv to his friends\u2014was born into that clan, but he hates the name. He left his family when he was a teenager, struck out on his own across the wastes, and made his way to the city of Asarius. Even though the \"City of Beasts\" is renowned for danger, Irv felt at home there in a way he'd never felt with his clan.",
						"He earned a reputation for being a party animal who could put down a dozen drinks in a night and still dance with the vigor and elegance of an archfey. Irv is young\u2014just a few weeks past his nineteenth birthday\u2014and he is secretly ashamed of his patchy beard and scrawny, human body. He has a bigger secret related to that feeling: he was consecuted in another life. The act of consecution is a sacred Kryn ritual of rebirth through the mystical power of the Luxon. Irvan has memories of his previous life as a bugbear of Den Hythenos, and he hopes to prove to himself that he can do great things without the aid of his powerful \"family\" in the Kryn Dynasty.",
						"He met Ayo and her friends when he traveled to Jigow to experience its contests of strength and skill. He sticks with the group in part because he's interested in what adventures they'll get into, and also because he's smitten with the group's newest addition, a drow arcanist named Galsariad.",
						{
							"type": "inset",
							"name": "Battle Chatter Sample Quotes",
							"entries": [
								"\"Heh, that was a good hit, wasn't it?\" \"Come on, come on! Eyes on me!\" \"Can I have this dance? No?\""
							]
						}
					]
				},
				{
					"type": "section",
					"entries": [
						{
							"type": "entries",
							"name": "Rival Stat Blocks",
							"entries": [
								"Stat blocks for the rivals can be found in appendix A. Each of the rivals has three stat blocks; like the characters, they become more powerful as the adventure progresses. The Rival Stat Blocks table shows you which stat blocks to use based on the chapter you are running.",
								{
									"type": "entries",
									"name": "Rival Stat Blocks",
									"entries": [
										{
											"type": "table",
											"colLabels": [
												"Chapters",
												"Stat Blocks"
											],
											"colStyles": [
												"col-4",
												"col-8"
											],
											"rows": [
												[
													"1 and 2",
													"Irvan Wastewalker (Tier 1)"
												],
												[
													"3 and 4",
													"Irvan Wastewalker (Tier 2)"
												],
												[
													"5, 6, and 7",
													"Irvan Wastewalker (Tier 3)"
												]
											]
										},
										"The tier 2 rivals are learning that their adventures take them into horrific places that will test their mettle, but they face these challenges with heads held high."
									]
								}
							]
						}
					]
				}
			]
		},
		{
			"name": "Irvan Wastewalker (Tier 3)",
			"source": "CRCotN",
			"entries": [
				{
					"type": "entries",
					"entries": [
						"The name \"Wastewalker\" conjures fear on the plains of Xhorhas, as the name of a clan of Xhorhasian nomads. Irvan\u2014Irv to his friends\u2014was born into that clan, but he hates the name. He left his family when he was a teenager, struck out on his own across the wastes, and made his way to the city of Asarius. Even though the \"City of Beasts\" is renowned for danger, Irv felt at home there in a way he'd never felt with his clan.",
						"He earned a reputation for being a party animal who could put down a dozen drinks in a night and still dance with the vigor and elegance of an archfey. Irv is young\u2014just a few weeks past his nineteenth birthday\u2014and he is secretly ashamed of his patchy beard and scrawny, human body. He has a bigger secret related to that feeling: he was consecuted in another life. The act of consecution is a sacred Kryn ritual of rebirth through the mystical power of the Luxon. Irvan has memories of his previous life as a bugbear of Den Hythenos, and he hopes to prove to himself that he can do great things without the aid of his powerful \"family\" in the Kryn Dynasty.",
						"He met Ayo and her friends when he traveled to Jigow to experience its contests of strength and skill. He sticks with the group in part because he's interested in what adventures they'll get into, and also because he's smitten with the group's newest addition, a drow arcanist named Galsariad.",
						{
							"type": "inset",
							"name": "Battle Chatter Sample Quotes",
							"entries": [
								"\"Heh, that was a good hit, wasn't it?\" \"Come on, come on! Eyes on me!\" \"Can I have this dance? No?\""
							]
						}
					]
				},
				{
					"type": "section",
					"entries": [
						{
							"type": "entries",
							"name": "Rival Stat Blocks",
							"entries": [
								"Stat blocks for the rivals can be found in appendix A. Each of the rivals has three stat blocks; like the characters, they become more powerful as the adventure progresses. The Rival Stat Blocks table shows you which stat blocks to use based on the chapter you are running.",
								{
									"type": "entries",
									"name": "Rival Stat Blocks",
									"entries": [
										{
											"type": "table",
											"colLabels": [
												"Chapters",
												"Stat Blocks"
											],
											"colStyles": [
												"col-4",
												"col-8"
											],
											"rows": [
												[
													"1 and 2",
													"Irvan Wastewalker (Tier 1)"
												],
												[
													"3 and 4",
													"Irvan Wastewalker (Tier 2)"
												],
												[
													"5, 6, and 7",
													"Irvan Wastewalker (Tier 3)"
												]
											]
										},
										"Their journey has forced the tier 3 rivals to make decisions, sometimes out of grim necessity, that they might have not made earlier. All five suffer from ruidium corruption (see \"Ruidium \"in the introduction). When the characters encounter them, assume that the rivals have removed all levels of exhaustion from themselves through rest or magic, but the other effects of ruidium corruption remain.",
										"If instead you want to weaken the rivals to make them less of a physical threat or reinforce the danger of ruidium corruption, you can give one or more of the rivals {@dice 1d4} levels of exhaustion each. In this case, you'll need to keep track of each rival's exhaustion level and the condition's corresponding effects (see \"Exhaustion \"in the {@i Player's Handbook}).",
										{
											"type": "entries",
											"name": "Useful Magic",
											"entries": [
												"To facilitate their efforts, Galsariad has learned the water breathing spell. Additionally, all the rivals have acquired ruidium equipment to protect them from the effects of underwater pressure."
											]
										},
										{
											"type": "entries",
											"name": "Irvan's Prosthetic Arm",
											"entries": [
												"During a misadventure that unfolded while the rivals were apart from the characters, Irvan Wastewalker lost an arm and gained an arcane prosthetic. This magic item functions for no one else."
											]
										}
									]
								}
							]
						}
					]
				}
			],
			"images": [
				{
					"type": "image",
					"href": {
						"type": "internal",
						"path": "bestiary/CRCotN/Irvan Wastewalker (Tier 3).webp"
					},
					"credit": "Nikki Dawes",
					"width": 704,
					"height": 1024
				}
			]
		},
		{
			"name": "James Cryon",
			"source": "CRCotN",
			"images": [
				{
					"type": "image",
					"href": {
						"type": "internal",
						"path": "bestiary/CRCotN/042-04-002.headmasters-allsight.webp"
					},
					"credit": "Tyler Walpole",
					"width": 417,
					"height": 850
				}
			]
		},
		{
			"name": "Jamil A'alithiya",
			"source": "CRCotN",
			"images": [
				{
					"type": "image",
					"href": {
						"type": "internal",
						"path": "bestiary/CRCotN/043-04-003.high-curator-jamil.webp"
					},
					"credit": "Anna Veltkamp",
					"width": 297,
					"height": 850
				}
			]
		},
		{
			"name": "Koris",
			"source": "CRCotN",
			"images": [
				{
					"type": "image",
					"href": {
						"type": "internal",
						"path": "bestiary/CRCotN/056-04-012.koris-flees.webp"
					},
					"credit": "Goñi Montes",
					"width": 1700,
					"height": 1120
				}
			]
		},
		{
			"name": "Laurin Ophidas",
			"source": "CRCotN",
			"entries": [
				{
					"type": "entries",
					"entries": [
						"Laurin Ophidas is a disgraced member of the Cerberus Assembly, an organization of spellcasters in the Dwendalian Empire in Wildemount. He fled from that organization after stealing a staff of the adder from a superior."
					]
				}
			]
		},
		{
			"name": "Light Devourer",
			"source": "CRCotN",
			"entries": [
				{
					"type": "entries",
					"entries": [
						"The light devourer gets its name from its ability to absorb bright light, whether natural or magical, in its immediate environment. After doing so, the creature begins to glow, the spines lining its back and the numerous needle-like teeth in its maw burning brightly as it converts that stolen light into searing energy, which rips into its prey.",
						"When not illuminated, the light devourer lurks in darkness, stalking the ocean depths for its next meal."
					]
				}
			],
			"images": [
				{
					"type": "image",
					"href": {
						"type": "internal",
						"path": "bestiary/CRCotN/Light Devourer.webp"
					},
					"credit": "Crystal Sully",
					"width": 932,
					"height": 999
				}
			]
		},
		{
			"name": "Maggie Keeneyes (Tier 1)",
			"source": "CRCotN",
			"entries": [
				{
					"type": "entries",
					"entries": [
						"People might laugh when a 12-foot-tall ogre orders a drink at a bar and says her name is Maggie, but they don't laugh for long. Some people fixate on her name, her enormous size, her muscles, or the weapon at her side. Wiser folk take notice of Maggie's bright blue eyes. All her life, people have considered Maggie a stupid meathead because of her size, but her eyes betray her intelligence. She can read others with a glance, whether in conversation or in a duel. When her eyes dart back and forth across a battlefield, they take in enough information to give her allies an advantage in the fight.",
						"Things changed for Maggie when she first arrived in Jigow and met Ayo Jabe three weeks ago. She came looking for mercenary work to make ends meet but found a true friend instead. Ayo saw the intelligence in Maggie's eyes and was keen to hear Maggie's thoughts. They became fast friends, and Maggie would sooner die than let harm come to her new companion.",
						"Maggie loves poetry and music with profound lyrics, as well as matching wits with people as clever as she is. She hates being stereotyped and has a dim view of those who are too quick to judge others.",
						{
							"type": "inset",
							"name": "Battle Chatter Sample Quotes",
							"entries": [
								"\"That was quite a blunder.\" \"You're lucky I'm feeling merciful.\" \"Fight smarter\u2014and harder.\" \"People don't win fights by fighting fair.\""
							]
						}
					]
				},
				{
					"type": "section",
					"entries": [
						{
							"type": "entries",
							"name": "Rival Stat Blocks",
							"entries": [
								"Stat blocks for the rivals can be found in appendix A. Each of the rivals has three stat blocks; like the characters, they become more powerful as the adventure progresses. The Rival Stat Blocks table shows you which stat blocks to use based on the chapter you are running.",
								{
									"type": "entries",
									"name": "Rival Stat Blocks",
									"entries": [
										{
											"type": "table",
											"colLabels": [
												"Chapters",
												"Stat Blocks"
											],
											"colStyles": [
												"col-4",
												"col-8"
											],
											"rows": [
												[
													"1 and 2",
													"Maggie Keeneyes (Tier 1)"
												],
												[
													"3 and 4",
													"Maggie Keeneyes (Tier 2)"
												],
												[
													"5, 6, and 7",
													"Maggie Keeneyes (Tier 3)"
												]
											]
										},
										"The tier 1 rivals are fledgling adventurers who have gained a modicum of power through their individual exploits before the beginning of this story. They are seeking to write a grand tale of their own."
									]
								}
							]
						}
					]
				}
			],
			"images": [
				{
					"type": "image",
					"href": {
						"type": "internal",
						"path": "bestiary/CRCotN/Maggie Keeneyes (Tier 1).webp"
					},
					"credit": "Nikki Dawes",
					"width": 850,
					"height": 790
				}
			]
		},
		{
			"name": "Maggie Keeneyes (Tier 2)",
			"source": "CRCotN",
			"entries": [
				{
					"type": "entries",
					"entries": [
						"People might laugh when a 12-foot-tall ogre orders a drink at a bar and says her name is Maggie, but they don't laugh for long. Some people fixate on her name, her enormous size, her muscles, or the weapon at her side. Wiser folk take notice of Maggie's bright blue eyes. All her life, people have considered Maggie a stupid meathead because of her size, but her eyes betray her intelligence. She can read others with a glance, whether in conversation or in a duel. When her eyes dart back and forth across a battlefield, they take in enough information to give her allies an advantage in the fight.",
						"Things changed for Maggie when she first arrived in Jigow and met Ayo Jabe three weeks ago. She came looking for mercenary work to make ends meet but found a true friend instead. Ayo saw the intelligence in Maggie's eyes and was keen to hear Maggie's thoughts. They became fast friends, and Maggie would sooner die than let harm come to her new companion.",
						"Maggie loves poetry and music with profound lyrics, as well as matching wits with people as clever as she is. She hates being stereotyped and has a dim view of those who are too quick to judge others.",
						{
							"type": "inset",
							"name": "Battle Chatter Sample Quotes",
							"entries": [
								"\"That was quite a blunder.\" \"You're lucky I'm feeling merciful.\" \"Fight smarter\u2014and harder.\" \"People don't win fights by fighting fair.\""
							]
						}
					]
				},
				{
					"type": "section",
					"entries": [
						{
							"type": "entries",
							"name": "Rival Stat Blocks",
							"entries": [
								"Stat blocks for the rivals can be found in appendix A. Each of the rivals has three stat blocks; like the characters, they become more powerful as the adventure progresses. The Rival Stat Blocks table shows you which stat blocks to use based on the chapter you are running.",
								{
									"type": "entries",
									"name": "Rival Stat Blocks",
									"entries": [
										{
											"type": "table",
											"colLabels": [
												"Chapters",
												"Stat Blocks"
											],
											"colStyles": [
												"col-4",
												"col-8"
											],
											"rows": [
												[
													"1 and 2",
													"Maggie Keeneyes (Tier 1)"
												],
												[
													"3 and 4",
													"Maggie Keeneyes (Tier 2)"
												],
												[
													"5, 6, and 7",
													"Maggie Keeneyes (Tier 3)"
												]
											]
										},
										"The tier 2 rivals are learning that their adventures take them into horrific places that will test their mettle, but they face these challenges with heads held high."
									]
								}
							]
						}
					]
				}
			]
		},
		{
			"name": "Maggie Keeneyes (Tier 3)",
			"source": "CRCotN",
			"entries": [
				{
					"type": "entries",
					"entries": [
						"People might laugh when a 12-foot-tall ogre orders a drink at a bar and says her name is Maggie, but they don't laugh for long. Some people fixate on her name, her enormous size, her muscles, or the weapon at her side. Wiser folk take notice of Maggie's bright blue eyes. All her life, people have considered Maggie a stupid meathead because of her size, but her eyes betray her intelligence. She can read others with a glance, whether in conversation or in a duel. When her eyes dart back and forth across a battlefield, they take in enough information to give her allies an advantage in the fight.",
						"Things changed for Maggie when she first arrived in Jigow and met Ayo Jabe three weeks ago. She came looking for mercenary work to make ends meet but found a true friend instead. Ayo saw the intelligence in Maggie's eyes and was keen to hear Maggie's thoughts. They became fast friends, and Maggie would sooner die than let harm come to her new companion.",
						"Maggie loves poetry and music with profound lyrics, as well as matching wits with people as clever as she is. She hates being stereotyped and has a dim view of those who are too quick to judge others.",
						{
							"type": "inset",
							"name": "Battle Chatter Sample Quotes",
							"entries": [
								"\"That was quite a blunder.\" \"You're lucky I'm feeling merciful.\" \"Fight smarter\u2014and harder.\" \"People don't win fights by fighting fair.\""
							]
						}
					]
				},
				{
					"type": "section",
					"entries": [
						{
							"type": "entries",
							"name": "Rival Stat Blocks",
							"entries": [
								"Stat blocks for the rivals can be found in appendix A. Each of the rivals has three stat blocks; like the characters, they become more powerful as the adventure progresses. The Rival Stat Blocks table shows you which stat blocks to use based on the chapter you are running.",
								{
									"type": "entries",
									"name": "Rival Stat Blocks",
									"entries": [
										{
											"type": "table",
											"colLabels": [
												"Chapters",
												"Stat Blocks"
											],
											"colStyles": [
												"col-4",
												"col-8"
											],
											"rows": [
												[
													"1 and 2",
													"Maggie Keeneyes (Tier 1)"
												],
												[
													"3 and 4",
													"Maggie Keeneyes (Tier 2)"
												],
												[
													"5, 6, and 7",
													"Maggie Keeneyes (Tier 3)"
												]
											]
										},
										"Their journey has forced the tier 3 rivals to make decisions, sometimes out of grim necessity, that they might have not made earlier. All five suffer from ruidium corruption (see \"Ruidium \"in the introduction). When the characters encounter them, assume that the rivals have removed all levels of exhaustion from themselves through rest or magic, but the other effects of ruidium corruption remain.",
										"If instead you want to weaken the rivals to make them less of a physical threat or reinforce the danger of ruidium corruption, you can give one or more of the rivals {@dice 1d4} levels of exhaustion each. In this case, you'll need to keep track of each rival's exhaustion level and the condition's corresponding effects (see \"Exhaustion \"in the {@i Player's Handbook}).",
										{
											"type": "entries",
											"name": "Useful Magic",
											"entries": [
												"To facilitate their efforts, Galsariad has learned the water breathing spell. Additionally, all the rivals have acquired ruidium equipment to protect them from the effects of underwater pressure."
											]
										}
									]
								}
							]
						}
					]
				}
			],
			"images": [
				{
					"type": "image",
					"href": {
						"type": "internal",
						"path": "bestiary/CRCotN/Maggie Keeneyes (Tier 3).webp"
					},
					"credit": "Nikki Dawes",
					"width": 736,
					"height": 1024
				}
			]
		},
		{
			"name": "Marisa",
			"source": "CRCotN",
			"images": [
				{
					"type": "image",
					"href": {
						"type": "internal",
						"path": "bestiary/CRCotN/075-06-004.three-ghosts.webp"
					},
					"credit": "Maria Zolotukhina",
					"width": 1700,
					"height": 1118
				}
			]
		},
		{
			"name": "Meri",
			"source": "CRCotN",
			"images": [
				{
					"type": "image",
					"href": {
						"type": "internal",
						"path": "bestiary/CRCotN/075-06-004.three-ghosts.webp"
					},
					"credit": "Maria Zolotukhina",
					"width": 1700,
					"height": 1118
				}
			]
		},
		{
			"name": "Monastic High Curator",
			"source": "CRCotN",
			"entries": [
				{
					"type": "entries",
					"entries": [
						"High curators collect knowledge and disseminate truth. They tackle puzzling mysteries and spy on members of other power structures to manipulate or destabilize them, and provide the oppressed with opportunities to escape their plight. High curators are privy to their organizations' deepest secrets and the activities of lesser agents. Their expertise enables them to manipulate energy to defend themselves and disrupt enemies' ability to act."
					]
				},
				{
					"type": "section",
					"entries": [
						{
							"type": "entries",
							"name": "Monastics of the Cobalt Soul",
							"entries": [
								"Scholars, priests, and ascetics who have been drawn to the cause of truth and knowledge spend their lives in support of the Library of the Cobalt Soul, united by the teachings of Ioun the Knowing Mentor. The Cobalt Soul is guided by a central belief that true strength comes from understanding the world around you. Beyond its efforts in knowledge-seeking, each branch of the Cobalt Soul strives to expose lies, unveil propaganda, and fight corruption in whatever society their chapter, referred to as an archive, calls home.",
								"The Library of the Cobalt Soul is headquartered in Rexxentrum, the capital of the Dwendalian Empire on the continent of Wildemount. The organization has archives across Exandria. The Ank'Hareli branch of the Cobalt Soul is based in the Temple of the Mentor. Like many of the archives, the Temple of the Mentor is both a vast library and a shrine to Ioun. This Marquesian archive is led by High Curator Jamil A'alithiya."
							]
						}
					]
				}
			],
			"images": [
				{
					"type": "image",
					"href": {
						"type": "internal",
						"path": "bestiary/CRCotN/Monastic High Curator.webp"
					},
					"credit": "Anna Veltkamp",
					"width": 472,
					"height": 999
				}
			]
		},
		{
			"name": "Monastic Infiltrator",
			"source": "CRCotN",
			"entries": [
				{
					"type": "entries",
					"entries": [
						"Infiltrators act as spies, saboteurs, and perpetrators of other clandestine activities. They study magical techniques that enhance their prowess in battle and help them complete their assignments."
					]
				},
				{
					"type": "section",
					"entries": [
						{
							"type": "entries",
							"name": "Monastics of the Cobalt Soul",
							"entries": [
								"Scholars, priests, and ascetics who have been drawn to the cause of truth and knowledge spend their lives in support of the Library of the Cobalt Soul, united by the teachings of Ioun the Knowing Mentor. The Cobalt Soul is guided by a central belief that true strength comes from understanding the world around you. Beyond its efforts in knowledge-seeking, each branch of the Cobalt Soul strives to expose lies, unveil propaganda, and fight corruption in whatever society their chapter, referred to as an archive, calls home.",
								"The Library of the Cobalt Soul is headquartered in Rexxentrum, the capital of the Dwendalian Empire on the continent of Wildemount. The organization has archives across Exandria. The Ank'Hareli branch of the Cobalt Soul is based in the Temple of the Mentor. Like many of the archives, the Temple of the Mentor is both a vast library and a shrine to Ioun. This Marquesian archive is led by High Curator Jamil A'alithiya."
							]
						}
					]
				}
			]
		},
		{
			"name": "Monastic Operative",
			"source": "CRCotN",
			"entries": [
				{
					"type": "entries",
					"entries": [
						"Operatives are agents of organizations that engage in espionage. The best among them are often considered for filling vacancies in higher positions."
					]
				},
				{
					"type": "section",
					"entries": [
						{
							"type": "entries",
							"name": "Monastics of the Cobalt Soul",
							"entries": [
								"Scholars, priests, and ascetics who have been drawn to the cause of truth and knowledge spend their lives in support of the Library of the Cobalt Soul, united by the teachings of Ioun the Knowing Mentor. The Cobalt Soul is guided by a central belief that true strength comes from understanding the world around you. Beyond its efforts in knowledge-seeking, each branch of the Cobalt Soul strives to expose lies, unveil propaganda, and fight corruption in whatever society their chapter, referred to as an archive, calls home.",
								"The Library of the Cobalt Soul is headquartered in Rexxentrum, the capital of the Dwendalian Empire on the continent of Wildemount. The organization has archives across Exandria. The Ank'Hareli branch of the Cobalt Soul is based in the Temple of the Mentor. Like many of the archives, the Temple of the Mentor is both a vast library and a shrine to Ioun. This Marquesian archive is led by High Curator Jamil A'alithiya."
							]
						}
					]
				}
			],
			"images": [
				{
					"type": "image",
					"href": {
						"type": "internal",
						"path": "bestiary/CRCotN/Monastic Operative.webp"
					},
					"credit": "Anna Veltkamp",
					"width": 504,
					"height": 999
				}
			]
		},
		{
			"name": "Moonshark",
			"source": "CRCotN",
			"entries": [
				{
					"type": "entries",
					"entries": [
						"The silver spear lodged in the shark's hide has been enchanted by the divine power of Sehanine the Moon Weaver."
					]
				}
			]
		},
		{
			"name": "Occult Extollant",
			"source": "CRCotN",
			"entries": [
				{
					"type": "entries",
					"entries": [
						"Occult extollants delve deep into ancient legends and seek to solve mysteries that have led other investigators to their doom, driven by an unquenchable yearning to know the unknown."
					]
				},
				{
					"type": "section",
					"entries": [
						{
							"type": "entries",
							"name": "Occultists of the Vermilion Dream",
							"entries": [
								"The Consortium of the Vermilion Dream is viewed as an esoteric, profit-driven, but ultimately harmless cabal of ghost hunters and perpetuators of urban legends. This perception isn't inaccurate, but the consortium's leadership is obsessed with one set of legends in particular: those involving the Moon of Ill Omen, Ruidus, and the ancient figures cursed by exposure to its alien influence.",
								"The cruelest desires and predilections of the consortium's most obsessive agents have been enhanced by contact with ruidium-tainted items."
							]
						}
					]
				}
			],
			"images": [
				{
					"type": "image",
					"href": {
						"type": "internal",
						"path": "bestiary/CRCotN/Occult Extollant.webp"
					},
					"credit": "Anna Veltkamp",
					"width": 520,
					"height": 999
				}
			]
		},
		{
			"name": "Occult Initiate",
			"source": "CRCotN",
			"entries": [
				{
					"type": "entries",
					"entries": [
						"Occult initiates are the most recent inductees into their organization and the members of the organization most often encountered by outsiders."
					]
				},
				{
					"type": "section",
					"entries": [
						{
							"type": "entries",
							"name": "Occultists of the Vermilion Dream",
							"entries": [
								"The Consortium of the Vermilion Dream is viewed as an esoteric, profit-driven, but ultimately harmless cabal of ghost hunters and perpetuators of urban legends. This perception isn't inaccurate, but the consortium's leadership is obsessed with one set of legends in particular: those involving the Moon of Ill Omen, Ruidus, and the ancient figures cursed by exposure to its alien influence.",
								"The cruelest desires and predilections of the consortium's most obsessive agents have been enhanced by contact with ruidium-tainted items."
							]
						}
					]
				}
			],
			"images": [
				{
					"type": "image",
					"href": {
						"type": "internal",
						"path": "bestiary/CRCotN/Occult Initiate.webp"
					},
					"credit": "Anna Veltkamp",
					"width": 389,
					"height": 999
				}
			]
		},
		{
			"name": "Occult Silvertongue",
			"source": "CRCotN",
			"entries": [
				{
					"type": "entries",
					"entries": [
						"Occult silvertongues are charismatic leaders. The alien mysteries to which they expose themselves can leave them feeling restless, paranoid, and suspicious. They begin to see things that aren't there and imagine conspiracies brought on by fears that others are trying to supplant them."
					]
				},
				{
					"type": "section",
					"entries": [
						{
							"type": "entries",
							"name": "Occultists of the Vermilion Dream",
							"entries": [
								"The Consortium of the Vermilion Dream is viewed as an esoteric, profit-driven, but ultimately harmless cabal of ghost hunters and perpetuators of urban legends. This perception isn't inaccurate, but the consortium's leadership is obsessed with one set of legends in particular: those involving the Moon of Ill Omen, Ruidus, and the ancient figures cursed by exposure to its alien influence.",
								"The cruelest desires and predilections of the consortium's most obsessive agents have been enhanced by contact with ruidium-tainted items."
							]
						}
					]
				}
			]
		},
		{
			"name": "Olara",
			"source": "CRCotN",
			"entries": [
				{
					"type": "entries",
					"entries": [
						"Olara speaks an ancient dialect that formed the basis for both Elvish and Orc, and any character who speaks and understands either of those languages can converse with her. This is a trait she shares with some of the ghosts of her kinfolk that still haunt the ruins of Cael Morrow, but Olara is no ghost; she is one of the few mortals who survived Gruumsh's attack centuries ago. She subsists on the kelp growing throughout the Drowned City."
					]
				}
			]
		},
		{
			"name": "Perigee",
			"source": "CRCotN",
			"images": [
				{
					"type": "image",
					"href": {
						"type": "internal",
						"path": "bestiary/CRCotN/083-06-012.perigree-the-deva.webp"
					},
					"credit": "Nikki Dawes",
					"width": 1700,
					"height": 1206
				}
			]
		},
		{
			"name": "Prolix Yusaf",
			"source": "CRCotN",
			"images": [
				{
					"type": "image",
					"href": {
						"type": "internal",
						"path": "bestiary/CRCotN/031-03-004.aloysia-prolix.webp"
					},
					"credit": "Isabel Gibney",
					"width": 850,
					"height": 2183
				}
			]
		},
		{
			"name": "Ruidium Elephant",
			"source": "CRCotN",
			"entries": [
				{
					"type": "entries",
					"entries": [
						"Unknown to anyone who has come into contact with it, the elephant figurine was infected with ruidium during its time in Cael Morrow, and that substance has warped its magical properties.",
						"When a character tries to retrieve the figurine, it reacts as if it had been activated, transforming into a crystalline version of the creature it was meant to become. This creature can't be controlled."
					]
				}
			],
			"images": [
				{
					"type": "image",
					"href": {
						"type": "internal",
						"path": "bestiary/CRCotN/Ruidium Elephant.webp"
					},
					"credit": "CoupleOfKooks",
					"width": 850,
					"height": 750
				}
			]
		},
		{
			"name": "Scholarly Agent",
			"source": "CRCotN",
			"entries": [
				{
					"type": "entries",
					"entries": [
						"Scholarly agents are low-ranking members of an academic organization. They know a few tricks to help them avoid danger, and they study magic that enables them to decipher secrets of the past and identify magical relics."
					]
				},
				{
					"type": "section",
					"entries": [
						{
							"type": "entries",
							"name": "Scholars of Allsight",
							"entries": [
								"The Allegiance of Allsight is a scholarly faction that operates primarily within the Marquesian metropolis of Ank'Harel. Though most members of the allegiance are academics unfamiliar with combat, the faction's field agents are skilled archaeologists who are also trained to contend with and overcome the threats that lurk in the depths of Exandria."
							]
						}
					]
				}
			],
			"images": [
				{
					"type": "image",
					"href": {
						"type": "internal",
						"path": "bestiary/CRCotN/Scholarly Agent.webp"
					},
					"credit": "Tyler Walpole",
					"width": 1700,
					"height": 1601
				}
			]
		},
		{
			"name": "Scholarly Excavator",
			"source": "CRCotN",
			"entries": [
				{
					"type": "entries",
					"entries": [
						"Field research is often dangerous work, especially when it involves ancient magic and monster-infested ruins. Scholarly excavators are trained to deal with those dangers, adept at protecting their allies and clearing obstacles from their path."
					]
				},
				{
					"type": "section",
					"entries": [
						{
							"type": "entries",
							"name": "Scholars of Allsight",
							"entries": [
								"The Allegiance of Allsight is a scholarly faction that operates primarily within the Marquesian metropolis of Ank'Harel. Though most members of the allegiance are academics unfamiliar with combat, the faction's field agents are skilled archaeologists who are also trained to contend with and overcome the threats that lurk in the depths of Exandria."
							]
						}
					]
				}
			],
			"images": [
				{
					"type": "image",
					"href": {
						"type": "internal",
						"path": "bestiary/CRCotN/Scholarly Excavator.webp"
					},
					"credit": "Tyler Walpole",
					"width": 1700,
					"height": 1601
				}
			]
		},
		{
			"name": "Scholarly Mastermind",
			"source": "CRCotN",
			"entries": [
				{
					"type": "entries",
					"entries": [
						"Scholarly masterminds are the formidable leaders of academic research organizations, responsible for planning and carrying out operations that delve into the secrets of the past. Some masterminds are headmasters at academies or universities. Others operate individually and in secret, pursuing agendas that might diverge wildly from those of the rest of their organization."
					]
				},
				{
					"type": "section",
					"entries": [
						{
							"type": "entries",
							"name": "Scholars of Allsight",
							"entries": [
								"The Allegiance of Allsight is a scholarly faction that operates primarily within the Marquesian metropolis of Ank'Harel. Though most members of the allegiance are academics unfamiliar with combat, the faction's field agents are skilled archaeologists who are also trained to contend with and overcome the threats that lurk in the depths of Exandria."
							]
						}
					]
				}
			],
			"images": [
				{
					"type": "image",
					"href": {
						"type": "internal",
						"path": "bestiary/CRCotN/Scholarly Mastermind.webp"
					},
					"credit": "Tyler Walpole",
					"width": 1700,
					"height": 1601
				}
			]
		},
		{
			"name": "Scribble",
			"source": "CRCotN",
			"images": [
				{
					"type": "image",
					"href": {
						"type": "internal",
						"path": "bestiary/CRCotN/064-05-002.allsight-base-camp.webp"
					},
					"credit": "Linda Lithén",
					"width": 1700,
					"height": 1099
				}
			]
		},
		{
			"name": "Scuttling Serpentmaw",
			"source": "CRCotN",
			"entries": [
				{
					"type": "entries",
					"entries": [
						"A scuttling serpentmaw looks like an unusually large crab with a sleek black shell. It lurks in crevasses and deep underwater canyons. Once spotted, it scuttles toward its prey and reveals its most formidable feature: an armored maw concealed on the back of its shell. This serpentine appendage can extend out from the shell to tear into prey.",
						"Though they inhabit water, serpentmaws can't swim. They move along the sea floor in small mobs, working together to tear apart much larger creatures they come across."
					]
				}
			],
			"images": [
				{
					"type": "image",
					"href": {
						"type": "internal",
						"path": "bestiary/CRCotN/Scuttling Serpentmaw.webp"
					},
					"credit": "Crystal Sully",
					"width": 857,
					"height": 999
				}
			]
		},
		{
			"name": "Shira",
			"source": "CRCotN",
			"entries": [
				{
					"type": "entries",
					"entries": [
						"A shy, anxious 15-year-old human with innate spellcasting ability. Fearing for the safety of those around her as she learns to control her powers, Shira has taken to using the shrine to the Wild Mother in the Sigil District as a nighttime hiding place. She mimics the behavior of a spirit to frighten away others. Shira uses her spells to drive away intruders."
					]
				}
			]
		},
		{
			"name": "Skeletal Bloodfin",
			"source": "CRCotN",
			"entries": [
				{
					"type": "entries",
					"entries": [
						"Covered in vicious-looking crimson spines and sleek scales, the slithering bloodfin flashes through the lightless waters of the Netherdeep. As it swims closer, its toothed maw comes into view\u2014just before it unhinges its jaw, clamps down on its prey, and swallows it whole.",
						"A slithering bloodfin looks like a giant eel with a head like a shark's. It magically siphons life energy from swallowed prey and uses that energy to repair damage to its own body.",
						"When a bloodfin dies, its body bursts. The resulting gore is toxic, threatening to infect nearby creatures, until it is dissipated by currents."
					]
				}
			]
		},
		{
			"name": "Slithering Bloodfin",
			"source": "CRCotN",
			"entries": [
				{
					"type": "entries",
					"entries": [
						"Covered in vicious-looking crimson spines and sleek scales, the slithering bloodfin flashes through the lightless waters of the Netherdeep. As it swims closer, its toothed maw comes into view\u2014just before it unhinges its jaw, clamps down on its prey, and swallows it whole.",
						"A slithering bloodfin looks like a giant eel with a head like a shark's. It magically siphons life energy from swallowed prey and uses that energy to repair damage to its own body.",
						"When a bloodfin dies, its body bursts. The resulting gore is toxic, threatening to infect nearby creatures, until it is dissipated by currents."
					]
				}
			],
			"images": [
				{
					"type": "image",
					"href": {
						"type": "internal",
						"path": "bestiary/CRCotN/Slithering Bloodfin.webp"
					},
					"credit": "Crystal Sully",
					"width": 802,
					"height": 850
				}
			]
		},
		{
			"name": "Sorrowfish",
			"source": "CRCotN",
			"entries": [
				{
					"type": "entries",
					"entries": [
						"Sorrowfish dwell in deep underwater trenches and thus are rarely encountered by surface-dwelling creatures. Some say sorrowfish get their name from their flavor, which is distasteful enough to put the creatures that eat them in a dismal mood. The true sorrow for other creatures comes when the sorrowfish gather in swarms. The malevolent presences that lurk in the abysses of the ocean exert their influence on these fish, transforming their swarms into vicious hordes."
					]
				}
			]
		},
		{
			"name": "Swarm of Sorrowfish",
			"source": "CRCotN",
			"entries": [
				{
					"type": "entries",
					"entries": [
						"A swarm of sorrowfish attacks out of hunger. Although sorrowfish have no sense of fear, they often adopt the tactic of lurking among the petrifying tendrils of a death embrace, using the tendrils for protection against other predators."
					]
				},
				{
					"type": "section",
					"entries": [
						{
							"type": "entries",
							"name": "Sorrowfish",
							"entries": [
								"Sorrowfish dwell in deep underwater trenches and thus are rarely encountered by surface-dwelling creatures. Some say sorrowfish get their name from their flavor, which is distasteful enough to put the creatures that eat them in a dismal mood. The true sorrow for other creatures comes when the sorrowfish gather in swarms. The malevolent presences that lurk in the abysses of the ocean exert their influence on these fish, transforming their swarms into vicious hordes."
							]
						}
					]
				}
			],
			"images": [
				{
					"type": "image",
					"href": {
						"type": "internal",
						"path": "bestiary/CRCotN/Swarm of Sorrowfish.webp"
					},
					"credit": "Jessica Nguyen",
					"width": 682,
					"height": 999
				}
			]
		},
		{
			"name": "Verin Thelyss",
			"source": "CRCotN",
			"entries": [
				{
					"type": "entries",
					"entries": [
						"To the people of Bazzoxan, Verin is a beacon of hope amid the darkness that shrouds the town. But the weight of responsibility colors Verin's otherwise bright and youthful demeanor with melancholy. He cares about the town he has sworn to protect, but he is weary of the incessant threat posed by the denizens of the Betrayers' Rise."
					]
				}
			],
			"images": [
				{
					"type": "image",
					"href": {
						"type": "internal",
						"path": "bestiary/CRCotN/Verin Thelyss.webp"
					},
					"credit": "Hunter S. Bonyun",
					"width": 651,
					"height": 999
				}
			]
		},
		{
			"name": "Xot",
			"source": "CRCotN",
			"images": [
				{
					"type": "image",
					"href": {
						"type": "internal",
						"path": "bestiary/CRCotN/064-05-002.allsight-base-camp.webp"
					},
					"credit": "Linda Lithén",
					"width": 1700,
					"height": 1099
				}
			]
		}
	]
}
