{
	"_meta": {
		"internalCopies": [
			"monsterFluff"
		]
	},
	"monsterFluff": [
		{
			"name": "Afsoun Ghorbani",
			"source": "JttRC",
			"images": [
				{
					"type": "image",
					"href": {
						"type": "internal",
						"path": "bestiary/JttRC/109-11-005.afsoun-ghorbani.webp"
					},
					"title": "Afsoun Ghorbani, Imprisoned in Crystal",
					"credit": "Thabiso Mhlaba",
					"width": 440,
					"height": 850
				}
			]
		},
		{
			"name": "Amanisha Manivarshi",
			"source": "JttRC",
			"images": [
				{
					"type": "image",
					"href": {
						"type": "internal",
						"path": "bestiary/JttRC/080-09-002.amanisha-manivarshi.webp"
					},
					"credit": "Nikki Dawes",
					"width": 548,
					"height": 850
				}
			]
		},
		{
			"name": "Ameyali",
			"source": "JttRC",
			"images": [
				{
					"type": "image",
					"href": {
						"type": "internal",
						"path": "bestiary/JttRC/069-08-001.salamander-raiders.webp"
					},
					"title": "Salamander raiders ambush Ameyali's caravan on the road near Etizalan",
					"credit": "Tom Babbey",
					"width": 1700,
					"height": 1136
				}
			]
		},
		{
			"name": "Ashen Heir Anarchist",
			"source": "JttRC",
			"images": [
				{
					"type": "image",
					"href": {
						"type": "internal",
						"path": "bestiary/JttRC/099-11-001.ashen-heir-plans.webp"
					},
					"title": "The plans of Ashen Heir anarchists go awry when a purple worm erupts into Three Suns Square",
					"credit": "Dmitry Burmak",
					"width": 1700,
					"height": 1136
				}
			]
		},
		{
			"name": "Ashen Heir Mage",
			"source": "JttRC",
			"images": [
				{
					"type": "image",
					"href": {
						"type": "internal",
						"path": "bestiary/JttRC/102-11-002.ashen-carpet.webp"
					},
					"credit": "Brian Valeza",
					"width": 1700,
					"height": 466
				}
			]
		},
		{
			"name": "Atash",
			"source": "JttRC",
			"images": [
				{
					"type": "image",
					"href": {
						"type": "internal",
						"path": "bestiary/JttRC/110-11-006.atash.webp"
					},
					"title": "Atash, Ruler of Akharin Sangar",
					"credit": "Claudio Pozas",
					"width": 663,
					"height": 850
				}
			]
		},
		{
			"name": "Atiba-Pa",
			"source": "JttRC",
			"images": [
				{
					"type": "image",
					"href": {
						"type": "internal",
						"path": "bestiary/JttRC/115-12-002.regent-atiba-pa.webp"
					},
					"title": "Regent Atiba-Pa",
					"credit": "Mia Araujo",
					"width": 355,
					"height": 850
				}
			]
		},
		{
			"name": "Aunt Dellie",
			"source": "JttRC",
			"images": [
				{
					"type": "image",
					"href": {
						"type": "internal",
						"path": "bestiary/JttRC/021-03-001.enchanted-farmers-attack.webp"
					},
					"title": "Enchanted farmers attack Aunt Dellie on the streets of Promise",
					"credit": "Mia Araujo",
					"width": 1700,
					"height": 1136
				}
			]
		},
		{
			"name": "Aurumvorax",
			"source": "JttRC",
			"_copy": {
				"name": "Aurumvoraxes",
				"source": "JttRC",
				"_mod": {
					"entries": {
						"mode": "prependArr",
						"items": [
							{
								"type": "entries",
								"entries": [
									"Early in life, aurumvoraxes cooperate with siblings and their den leader parents, digging tunnels in search of metal and other burrowing prey. As they grow to adulthood, aurumvoraxes hunt on their own, carving out territories they viciously defend."
								]
							}
						]
					}
				}
			}
		},
		{
			"name": "Aurumvorax Den Leader",
			"source": "JttRC",
			"_copy": {
				"name": "Aurumvoraxes",
				"source": "JttRC",
				"_mod": {
					"entries": {
						"mode": "prependArr",
						"items": [
							{
								"type": "entries",
								"entries": [
									"Aurumvoraxes that feed on a steady supply of precious metals gradually grow in size. These aurumvoraxes are faster and deadlier than others of their kind."
								]
							}
						]
					}
				}
			},
			"images": [
				{
					"type": "image",
					"href": {
						"type": "internal",
						"path": "bestiary/JttRC/Aurumvorax Den Leader.webp"
					},
					"credit": "Brian Valeza",
					"width": 991,
					"height": 1000
				}
			]
		},
		{
			"name": "Aurumvoraxes",
			"source": "JttRC",
			"entries": [
				{
					"type": "section",
					"entries": [
						{
							"type": "entries",
							"name": "Aurumvorax",
							"entries": [
								"An aurumvorax is an eight-legged, badger-like hunter. These aggressive omnivores attack any prey they think they can best, ambushing even creatures double their size. They supplement their diets with metal, whether it's worked or ore, and they have a particular taste for gold. This diet lends aurumvorax fur its golden sheen.",
								"Alone or in small groups, aurumvoraxes dig deep in search of precious metals. Such exploration often leads them into conflict with subterranean settlements. As defenders of such communities often wear metal armor, aurumvoraxes prioritize attacking armored foes\u2014whether that armor is metal or not."
							]
						}
					]
				}
			]
		},
		{
			"name": "Awa",
			"source": "JttRC",
			"images": [
				{
					"type": "image",
					"href": {
						"type": "internal",
						"path": "bestiary/JttRC/064-07-004.ambushed-aurumvorax.webp"
					},
					"title": "Awa is ambushed by an aurumvorax in the depths of the Goldwarren",
					"credit": "Vicki Pangestu",
					"width": 1700,
					"height": 1136
				}
			]
		},
		{
			"name": "Azra Nir",
			"source": "JttRC",
			"images": [
				{
					"type": "image",
					"href": {
						"type": "internal",
						"path": "bestiary/JttRC/041-05-001.march-of-vice-festivities.webp"
					},
					"title": "Prince of Vice, Azra Nir, leads Zinda's annual March of Vice festivities\u2014unaware he's just one target of a killer",
					"credit": "Ejiwa 'Edge' Ebenebe",
					"width": 1700,
					"height": 1136
				}
			]
		},
		{
			"name": "Bakunawa",
			"source": "JttRC",
			"entries": [
				{
					"type": "entries",
					"entries": [
						"Worshiped as draconic avatars of storm and tide, bakunawa soar over the archipelagos they call home. Iridescent scales crackling with lightning cover a bakunawa's fearsome serpentine body, and the sharp movements of its mighty wings echo with thunderous winds. Known for their mercilessness in battle, bakunawa swallow whole any who challenge them."
					]
				}
			],
			"images": [
				{
					"type": "image",
					"href": {
						"type": "internal",
						"path": "bestiary/JttRC/Bakunawa.webp"
					},
					"credit": "Brynn Metheney",
					"width": 843,
					"height": 1000
				}
			]
		},
		{
			"name": "Brother Broumane",
			"source": "JttRC",
			"images": [
				{
					"type": "image",
					"href": {
						"type": "internal",
						"path": "bestiary/JttRC/119-12-006.brother-broumane.webp"
					},
					"credit": "Andrew Mar",
					"width": 638,
					"height": 850
				}
			]
		},
		{
			"name": "Dinosaur Skeleton",
			"source": "JttRC",
			"entries": [
				{
					"type": "entries",
					"entries": [
						"These giant skeletons were unearthed shortly before the silver in the mine ran out, inspiring talk that the mine was cursed. When Teocín first joined Itzmin here, she drew on the power of Pazuzu to turn these skeletons into guardians."
					]
				}
			]
		},
		{
			"name": "Diva",
			"source": "JttRC",
			"images": [
				{
					"type": "image",
					"href": {
						"type": "internal",
						"path": "bestiary/JttRC/045-05-005.divas-attack.webp"
					},
					"title": "Divas attack the crowd at the Thornapple during their March of Vice performance",
					"credit": "Ejiwa 'Edge' Ebenebe",
					"width": 1700,
					"height": 1136
				}
			]
		},
		{
			"name": "Diva Luma",
			"source": "JttRC",
			"images": [
				{
					"type": "image",
					"href": {
						"type": "internal",
						"path": "bestiary/JttRC/045-05-005.divas-attack.webp"
					},
					"title": "Divas attack the crowd at the Thornapple during their March of Vice performance",
					"credit": "Ejiwa 'Edge' Ebenebe",
					"width": 1700,
					"height": 1136
				}
			]
		},
		{
			"name": "Djeneba",
			"source": "JttRC",
			"images": [
				{
					"type": "image",
					"href": {
						"type": "internal",
						"path": "bestiary/JttRC/116-12-003.djeneba.webp"
					},
					"credit": "Julio Reyna",
					"width": 535,
					"height": 850
				}
			]
		},
		{
			"name": "Dragon Hunter",
			"source": "JttRC",
			"entries": [
				{
					"type": "entries",
					"entries": [
						"They were raised together and share conviction that they must slay the bakunawa as vengeance for wrongs done to their clan."
					]
				}
			],
			"images": [
				{
					"type": "image",
					"href": {
						"type": "internal",
						"path": "bestiary/JttRC/Dragon Hunter.webp"
					},
					"title": "Paolo Maykapal",
					"credit": "Hinchel Or",
					"width": 670,
					"height": 1000
				}
			]
		},
		{
			"name": "Dukha Bhatiyali",
			"source": "JttRC",
			"images": [
				{
					"type": "image",
					"href": {
						"type": "internal",
						"path": "bestiary/JttRC/081-09-003.dukha-bhatiyali.webp"
					},
					"credit": "Nikki Dawes",
					"width": 472,
					"height": 850
				}
			]
		},
		{
			"name": "Farmer",
			"source": "JttRC",
			"images": [
				{
					"type": "image",
					"href": {
						"type": "internal",
						"path": "bestiary/JttRC/021-03-001.enchanted-farmers-attack.webp"
					},
					"title": "Enchanted farmers attack Aunt Dellie on the streets of Promise",
					"credit": "Mia Araujo",
					"width": 1700,
					"height": 1136
				}
			]
		},
		{
			"name": "Gammon Xungoon",
			"source": "JttRC",
			"images": [
				{
					"type": "image",
					"href": {
						"type": "internal",
						"path": "bestiary/JttRC/009-02-001.tyenmo-rivalry-xungoon.webp"
					},
					"title": "The rivalry between the Xungoon and Tyenmo families disrupts the peace in the Dyn Singh Night Market",
					"credit": "Vicki Pangestu",
					"width": 1700,
					"height": 1136
				}
			]
		},
		{
			"name": "Haint",
			"source": "JttRC",
			"entries": [
				{
					"type": "entries",
					"entries": [
						"Rising from the sorrowful dead, haints are spirits that change their shape in tragic imitation of what they once were. A haint can shift from its spectral form to appear as the corporeal Humanoid it was in life, passing as a living creature. These spirits might mistakenly view innocents as those who killed them or entreat mortals to exact revenge on their behalf."
					]
				}
			],
			"images": [
				{
					"type": "image",
					"href": {
						"type": "internal",
						"path": "bestiary/JttRC/Haint.webp"
					},
					"credit": "Claudio Pozas",
					"width": 523,
					"height": 1000
				}
			]
		},
		{
			"name": "Jade Statue",
			"source": "JttRC",
			"images": [
				{
					"type": "image",
					"href": {
						"type": "internal",
						"path": "bestiary/JttRC/130-13-004.ancient-jade-statues.webp"
					},
					"title": "Ancient jade statues animate to defend the secret ruins beneath Yongjing",
					"credit": "Julian Kok",
					"width": 1700,
					"height": 1136
				}
			]
		},
		{
			"name": "Jijibisha Manivarshi",
			"source": "JttRC",
			"entries": [
				{
					"type": "entries",
					"entries": [
						"Jijibisha Manivarshi, a vicious soul from the land's past, lurks in the nearby forest. Long ago she made a deal with wicked otherworldly forces that gave her longevity and fiendish powers, a bargain that ultimately resulted in the ruin of Manivarsha.",
						"Despite her fiendish powers, she looks like an ancient, withered human."
					]
				}
			]
		},
		{
			"name": "Kala Mabarin",
			"source": "JttRC",
			"images": [
				{
					"type": "image",
					"href": {
						"type": "internal",
						"path": "bestiary/JttRC/043-05-003.kala-mabarin.webp"
					},
					"credit": "Kniio",
					"width": 374,
					"height": 850
				}
			]
		},
		{
			"name": "Kasem Aroon",
			"source": "JttRC",
			"images": [
				{
					"type": "image",
					"href": {
						"type": "internal",
						"path": "bestiary/JttRC/013-02-003.kasem-vi-aroon.webp"
					},
					"title": "Kasem and Vi Aroon",
					"credit": "Zuzanna Wužyk",
					"width": 844,
					"height": 1700
				}
			]
		},
		{
			"name": "Kedjou Kamal",
			"source": "JttRC",
			"images": [
				{
					"type": "image",
					"href": {
						"type": "internal",
						"path": "bestiary/JttRC/061-07-003.high-priest-kedjou.webp"
					},
					"title": "High Priest Kedjou",
					"credit": "Kniio",
					"width": 555,
					"height": 850
				}
			]
		},
		{
			"name": "Kianna",
			"source": "JttRC",
			"images": [
				{
					"type": "image",
					"href": {
						"type": "internal",
						"path": "bestiary/JttRC/027-03-005.kianna.webp"
					},
					"credit": "Jabari Weathers",
					"width": 509,
					"height": 850
				}
			]
		},
		{
			"name": "Koi Prawn",
			"source": "JttRC",
			"images": [
				{
					"type": "image",
					"href": {
						"type": "internal",
						"path": "bestiary/JttRC/014-02-004.jagged-koi-prawns.webp"
					},
					"title": "Jagged Koi Prawns are just one unexpected danger of the games at the Dyn Singh Night market",
					"credit": "Vicki Pangestu",
					"width": 1700,
					"height": 1136
				}
			]
		},
		{
			"name": "Kun Ahn-Jun",
			"source": "JttRC",
			"images": [
				{
					"type": "image",
					"href": {
						"type": "internal",
						"path": "bestiary/JttRC/051-06-002.magistrate-kun-ahn-jun.webp"
					},
					"title": "Magistrate Kun Ahn-Jun",
					"credit": "Nikki Dawes",
					"width": 389,
					"height": 850
				}
			]
		},
		{
			"name": "Kusa Xungoon",
			"source": "JttRC",
			"images": [
				{
					"type": "image",
					"href": {
						"type": "internal",
						"path": "bestiary/JttRC/010-02-002.kusa-xungoon.webp"
					},
					"credit": "April Prime",
					"width": 830,
					"height": 850
				}
			]
		},
		{
			"name": "Lady Dre",
			"source": "JttRC",
			"images": [
				{
					"type": "image",
					"href": {
						"type": "internal",
						"path": "bestiary/JttRC/022-03-002.lady-dre.webp"
					},
					"credit": "Jabari Weathers",
					"width": 553,
					"height": 850
				}
			]
		},
		{
			"name": "Laleh Ghorbani",
			"source": "JttRC",
			"images": [
				{
					"type": "image",
					"href": {
						"type": "internal",
						"path": "bestiary/JttRC/103-11-003.laleh-ghorbani.webp"
					},
					"credit": "Ekaterina Burmak",
					"width": 556,
					"height": 850
				}
			]
		},
		{
			"name": "Lamai Tyenmo",
			"source": "JttRC",
			"images": [
				{
					"type": "image",
					"href": {
						"type": "internal",
						"path": "bestiary/JttRC/009-02-001.tyenmo-rivalry-xungoon.webp"
					},
					"title": "The rivalry between the Xungoon and Tyenmo families disrupts the peace in the Dyn Singh Night Market",
					"credit": "Vicki Pangestu",
					"width": 1700,
					"height": 1136
				}
			]
		},
		{
			"name": "Lu Zhong Yin",
			"source": "JttRC",
			"images": [
				{
					"type": "image",
					"href": {
						"type": "internal",
						"path": "bestiary/JttRC/125-13-003.lu-zhong-yin.webp"
					},
					"width": 269,
					"height": 850
				}
			]
		},
		{
			"name": "Lungtian",
			"source": "JttRC",
			"images": [
				{
					"type": "image",
					"href": {
						"type": "internal",
						"path": "bestiary/JttRC/090-10-002.lungtian.webp"
					},
					"title": "Lu Zhong Yin in Their Imperial Ghost Uniform",
					"credit": "Ryan Alexander Lee",
					"width": 438,
					"height": 850
				}
			]
		},
		{
			"name": "Madam Kulp",
			"source": "JttRC",
			"images": [
				{
					"type": "image",
					"href": {
						"type": "internal",
						"path": "bestiary/JttRC/017-02-005.madam-kulp.webp"
					},
					"credit": "Zuzanna Wužyk",
					"width": 432,
					"height": 850
				}
			]
		},
		{
			"name": "Myx Nargis Ruba",
			"source": "JttRC",
			"images": [
				{
					"type": "image",
					"href": {
						"type": "internal",
						"path": "bestiary/JttRC/044-05-004.myx-nargis-ruba.webp"
					},
					"credit": "Kniio",
					"width": 444,
					"height": 850
				}
			]
		},
		{
			"name": "Navid",
			"source": "JttRC",
			"images": [
				{
					"type": "image",
					"href": {
						"type": "internal",
						"path": "bestiary/JttRC/106-11-004.navid-the-efreeti.webp"
					},
					"title": "Navid the efreeti in his human disguise",
					"credit": "Thabiso Mhlaba",
					"width": 850,
					"height": 791
				}
			]
		},
		{
			"name": "Nene",
			"source": "JttRC",
			"images": [
				{
					"type": "image",
					"href": {
						"type": "internal",
						"path": "bestiary/JttRC/135-14-002.yarana-and-nene.webp"
					},
					"title": "Yarana and Nene",
					"credit": "Nikki Dawes",
					"width": 431,
					"height": 850
				}
			]
		},
		{
			"name": "Nightsea Chil-liren",
			"source": "JttRC",
			"entries": [
				{
					"type": "entries",
					"entries": [
						"Janya is populated by descendants of Djaynai who escaped into the sea during the Passage of Vultures. The magic of Djaynaian transmuters and that of the Nightsea itself gave these people the ability to live beneath the waves. Now known as Nightsea Chil-liren, the people of Janya look similar to the humans of Djaynai, but their brown skin is often tinged shades of gray, and eel-like fins run along their arms and legs."
					]
				}
			]
		},
		{
			"name": "Nimuel",
			"source": "JttRC",
			"images": [
				{
					"type": "image",
					"href": {
						"type": "internal",
						"path": "bestiary/JttRC/089-10-001.storyteller-nimuel.webp"
					},
					"title": "The Storyteller Nimuel reveals the chaos caused by a rampaging bakunawa",
					"credit": "Claudio Pozas",
					"width": 1700,
					"height": 1136
				}
			]
		},
		{
			"name": "Ollin",
			"source": "JttRC",
			"images": [
				{
					"type": "image",
					"href": {
						"type": "internal",
						"path": "bestiary/JttRC/070-08-002.ollin.webp"
					},
					"credit": "Merlin G. G.",
					"width": 370,
					"height": 850
				}
			]
		},
		{
			"name": "Paloma",
			"source": "JttRC",
			"images": [
				{
					"type": "image",
					"href": {
						"type": "internal",
						"path": "bestiary/JttRC/030-04-002.paloma.webp"
					},
					"credit": "Adrián Ibarra Lugo",
					"width": 548,
					"height": 850
				}
			]
		},
		{
			"name": "Paolo Maykapal",
			"source": "JttRC",
			"images": [
				{
					"type": "image",
					"href": {
						"type": "internal",
						"path": "bestiary/JttRC/091-10-003.paolo-maykapal.webp"
					},
					"credit": "Hinchel Or",
					"width": 569,
					"height": 850
				}
			]
		},
		{
			"name": "Pari",
			"source": "JttRC",
			"entries": [
				{
					"type": "entries",
					"entries": [
						"A pari is an angelic harbinger gifted with foresight. A visit from a pari is often a prophetic warning or portent of an event yet to come. Pari have pastel blue skin, wear robes and armor, and have two sets of wings with vivid red feathers sprouting from their back."
					]
				}
			],
			"images": [
				{
					"type": "image",
					"href": {
						"type": "internal",
						"path": "bestiary/JttRC/Pari.webp"
					},
					"credit": "Ekaterina Burmak",
					"width": 837,
					"height": 1000
				}
			]
		},
		{
			"name": "Prince Kirina",
			"source": "JttRC",
			"images": [
				{
					"type": "image",
					"href": {
						"type": "internal",
						"path": "bestiary/JttRC/059-07-001.twilight-dune-scorpions.webp"
					},
					"title": "Prince Kirina fends off an attack by twilight dune scorpions",
					"credit": "Brian Valeza",
					"width": 1700,
					"height": 1136
				}
			]
		},
		{
			"name": "Prince Simbon",
			"source": "JttRC",
			"images": [
				{
					"type": "image",
					"href": {
						"type": "internal",
						"path": "bestiary/JttRC/067-07-005.prince-simon.webp"
					},
					"credit": "Kniio",
					"width": 543,
					"height": 850
				}
			]
		},
		{
			"name": "Riverine",
			"source": "JttRC",
			"entries": [
				{
					"type": "entries",
					"entries": [
						"More than mere waterway guardians, riverines are embodiments of particular rivers. These spirits of nature take shape to defend their waters and interact with those who travel along their currents. From the waist up, riverines have skin the color of the waters they protect but are otherwise humanlike in appearance. From the waist down, they can manifest either humanlike legs or churning gouts of water. A riverine's personality reflects the nature of the river it arises from\u2014some are lethargic while others are wild and reckless."
					]
				},
				{
					"type": "section",
					"entries": [
						{
							"type": "entries",
							"name": "A Riverine's Lair",
							"entries": [
								"Some riverines enjoy reverence akin to worship. Their likenesses are cast as statues and housed in temples, and worshipers act as agents between the river spirits and the people who revere them. These temples often become the home of the riverine itself, serving as its lair, though other nexuses of power along the river's path\u2014such as its source or a significant waterfall\u2014can also be used as lairs by a riverine.",
								"A riverine encountered in its lair has a challenge rating of 13 (10,000 XP)."
							]
						}
					]
				}
			],
			"images": [
				{
					"type": "image",
					"href": {
						"type": "internal",
						"path": "bestiary/JttRC/Riverine.webp"
					},
					"credit": "Claudio Pozas",
					"width": 456,
					"height": 1000
				}
			]
		},
		{
			"name": "Samira Arah",
			"source": "JttRC",
			"images": [
				{
					"type": "image",
					"href": {
						"type": "internal",
						"path": "bestiary/JttRC/042-05-002.madame-samira-arah.webp"
					},
					"title": "Madame Samira Arah",
					"credit": "Kniio",
					"width": 499,
					"height": 850
				}
			]
		},
		{
			"name": "Serapio",
			"source": "JttRC",
			"images": [
				{
					"type": "image",
					"href": {
						"type": "internal",
						"path": "bestiary/JttRC/031-04-003.serapio.webp"
					},
					"credit": "Adrián Ibarra Lugo",
					"width": 570,
					"height": 850
				}
			]
		},
		{
			"name": "Sholeh",
			"source": "JttRC",
			"images": [
				{
					"type": "image",
					"href": {
						"type": "internal",
						"path": "bestiary/JttRC/007-01-006.speaker-sholeh.webp"
					},
					"title": "Speaker Sholeh",
					"credit": "Claudio Pozas",
					"width": 272,
					"height": 850
				}
			]
		},
		{
			"name": "Soul Shaker",
			"source": "JttRC",
			"entries": [
				{
					"type": "entries",
					"entries": [
						"A grasping mass of Humanoid limbs, a soul shaker is an obsessive claimer of corpses and collector of body parts. These nightmarish creatures arise from ghoulish collections of severed limbs exposed to necromantic energies or when numerous crawling claws form a cooperative relationship.",
						"Most of a soul shaker's victims have their vitality drained and their flesh pulverized by its many arms. However, should a soul shaker encounter someone with an impressionable mind, the creature attempts to charm the individual, using them as a lure to tempt others into its hunting grounds.",
						"If defeated, a soul shaker disperses into several skittering, animate limbs. The terror can only truly be vanquished by destroying these disembodied appendages. If more than one of these pieces escape, the soul shaker reforms over the course of days and begins hunting once more."
					]
				}
			],
			"images": [
				{
					"type": "image",
					"href": {
						"type": "internal",
						"path": "bestiary/JttRC/Soul Shaker.webp"
					},
					"credit": "Tom Babbey",
					"width": 775,
					"height": 1000
				}
			]
		},
		{
			"name": "Tlacatecolo",
			"source": "JttRC",
			"entries": [
				{
					"type": "entries",
					"entries": [
						"Appearing as plague-stricken, bipedal owls, tlacatecolo sow sickness and feed on the suffering of mortals. These fiends spread an affliction that leaches heat and life from the living, dispersing it upon winds that rattle like a gasp from a frozen body. Sunlight staves off the disease, but those affected rarely survive the dark of night."
					]
				}
			],
			"images": [
				{
					"type": "image",
					"href": {
						"type": "internal",
						"path": "bestiary/JttRC/Tlacatecolo.webp"
					},
					"credit": "Brian Valeza",
					"width": 816,
					"height": 1000
				}
			]
		},
		{
			"name": "Tlexolotl",
			"source": "JttRC",
			"entries": [
				{
					"type": "entries",
					"entries": [
						"Tlexolotls are gigantic, salamander-like creatures that slumber deep in the magma of dormant volcanoes. A tlexolotl drowses amid the molten depths for centuries, rising only rarely to gorge itself on massive amounts of animal and plant life before returning to its slumber. Should a tlexolotl's sleep be disturbed\u2014whether by intruders in its volcanic lair or the eruption of its molten home\u2014the lava-drenched brute emerges in a rage, rampaging forth until its belly is full and its volcano is quiet once more.",
						"Despite a tlexolotl's destructive prowess, the land around its volcano is often naturally abundant. It's common for those who live nearby to honor the tlexolotl as a protector of the land, as the ash it creates rejuvenates the soil and encourages life to flourish."
					]
				}
			],
			"images": [
				{
					"type": "image",
					"href": {
						"type": "internal",
						"path": "bestiary/JttRC/Tlexolotl.webp"
					},
					"credit": "Brian Valeza",
					"width": 1000,
					"height": 989
				}
			]
		},
		{
			"name": "Tonalli",
			"source": "JttRC",
			"images": [
				{
					"type": "image",
					"href": {
						"type": "internal",
						"path": "bestiary/JttRC/071-08-003.tonalli.webp"
					},
					"credit": "Olga Drebas",
					"width": 710,
					"height": 850
				}
			]
		},
		{
			"name": "Tungsten Ward",
			"source": "JttRC",
			"images": [
				{
					"type": "image",
					"href": {
						"type": "internal",
						"path": "bestiary/JttRC/023-03-003.proclaimer-tungsten-ward.webp"
					},
					"title": "Proclaimer Tungsten Ward",
					"credit": "Jabari Weathers",
					"width": 528,
					"height": 850
				}
			]
		},
		{
			"name": "Uzoma Baten",
			"source": "JttRC",
			"images": [
				{
					"type": "image",
					"href": {
						"type": "internal",
						"path": "bestiary/JttRC/060-07-002.overseer-uzoma.webp"
					},
					"title": "Overseer Uzoma",
					"credit": "Hinchel Or",
					"width": 601,
					"height": 850
				}
			]
		},
		{
			"name": "Vi Aroon",
			"source": "JttRC",
			"images": [
				{
					"type": "image",
					"href": {
						"type": "internal",
						"path": "bestiary/JttRC/013-02-003.kasem-vi-aroon.webp"
					},
					"title": "Kasem and Vi Aroon",
					"credit": "Zuzanna Wužyk",
					"width": 844,
					"height": 1700
				}
			]
		},
		{
			"name": "Wei Feng Ying",
			"source": "JttRC",
			"images": [
				{
					"type": "image",
					"href": {
						"type": "internal",
						"path": "bestiary/JttRC/124-13-001.grand-secretary-wei-feng-ying.webp"
					},
					"title": "Grand Secretary Wei Feng Ying",
					"credit": "Ryan Alexander Lee",
					"width": 489,
					"height": 850
				}
			]
		},
		{
			"name": "Whistler",
			"source": "JttRC",
			"entries": [
				{
					"type": "entries",
					"entries": [
						"Whistlers are inscrutable stalkers hailing from airy, screeching reaches of the Far Realm. They are difficult to see as they're not tethered to one point in space, blurring in a state of perpetual physical uncertainty. A dead whistler appears as a gray, featureless, humanlike biped with long limbs and thin fingers. Those stalked by a whistler can't shut out its soundless, seven-note tune, an otherworldly melody that invades and scourges the mind. Few creatures that encounter a whistler escape; those that do are forever haunted by the stalker's frightful tune."
					]
				}
			],
			"images": [
				{
					"type": "image",
					"href": {
						"type": "internal",
						"path": "bestiary/JttRC/Whistler.webp"
					},
					"credit": "April Prime",
					"width": 585,
					"height": 1000
				}
			]
		},
		{
			"name": "White Jade Emperor",
			"source": "JttRC",
			"images": [
				{
					"type": "image",
					"href": {
						"type": "internal",
						"path": "bestiary/JttRC/131-13-005.the-white-jade-emperor.webp"
					},
					"title": "The White Jade Emperor",
					"credit": "Ryan Alexander Lee",
					"width": 631,
					"height": 850
				}
			]
		},
		{
			"name": "Wynling",
			"source": "JttRC",
			"entries": [
				{
					"type": "entries",
					"entries": [
						"Playful and mischievous, wynlings defend mountain heights and alpine vales against trespassers. A wynling rarely engages a threat directly, preferring to deter intruders by harassing them with thefts and pranks. Many travelers return from lands protected by wynlings with stories of vanishing equipment and curious eyes staring from the shadows.",
						"Wynlings typically live on the mountains they protect, but they often venture into nearby settlements, lured by high-spirited music and sweet foods. Away from their open, wild homes, wynlings cause all manner of mysterious accidents."
					]
				}
			],
			"images": [
				{
					"type": "image",
					"href": {
						"type": "internal",
						"path": "bestiary/JttRC/Wynling.webp"
					},
					"credit": "Vicki Pangestu",
					"width": 798,
					"height": 1000
				}
			]
		},
		{
			"name": "Xocopol",
			"source": "JttRC",
			"images": [
				{
					"type": "image",
					"href": {
						"type": "internal",
						"path": "bestiary/JttRC/073-08-005.xocopol.webp"
					},
					"credit": "Merlin G. G.",
					"width": 467,
					"height": 850
				}
			]
		},
		{
			"name": "Yarana",
			"source": "JttRC",
			"images": [
				{
					"type": "image",
					"href": {
						"type": "internal",
						"path": "bestiary/JttRC/135-14-002.yarana-and-nene.webp"
					},
					"title": "Yarana and Nene",
					"credit": "Nikki Dawes",
					"width": 431,
					"height": 850
				}
			]
		},
		{
			"name": "Young-Gi",
			"source": "JttRC",
			"images": [
				{
					"type": "image",
					"href": {
						"type": "internal",
						"path": "bestiary/JttRC/054-06-003.young-gi.webp"
					},
					"credit": "Nikki Dawes",
					"width": 543,
					"height": 850
				}
			]
		},
		{
			"name": "Zisatta",
			"source": "JttRC",
			"images": [
				{
					"type": "image",
					"href": {
						"type": "internal",
						"path": "bestiary/JttRC/118-12-005.zisatta.webp"
					},
					"credit": "Andrew Mar",
					"width": 694,
					"height": 850
				}
			]
		}
	]
}
