{
	"monsterFluff": [
		{
			"name": "Clockwork Behir",
			"source": "OoW",
			"images": [
				{
					"type": "image",
					"href": {
						"type": "internal",
						"path": "bestiary/OoW/Clockwork Behir.webp"
					},
					"width": 1000,
					"height": 1000
				}
			]
		},
		{
			"name": "Dagdra Deepforge",
			"source": "OoW",
			"entries": [
				{
					"type": "entries",
					"entries": [
						{
							"type": "entries",
							"entries": [
								{
									"type": "entries",
									"entries": [
										"Priests bring the teachings of their gods to the common folk. They are the spiritual leaders of temples and shrines and often hold positions of influence in their communities. Evil priests might work openly under a tyrant, or they might be the leaders of religious sects hidden in the shadows of good society, overseeing depraved rites. A priest typically has one or more acolytes to help with religious ceremonies and other sacred duties."
									]
								}
							]
						}
					]
				}
			],
			"images": [
				{
					"type": "image",
					"href": {
						"type": "internal",
						"path": "bestiary/AI/Dagdra Deepforge.webp"
					},
					"width": 1222,
					"height": 1000
				}
			]
		},
		{
			"name": "Enormous Tentacle",
			"source": "OoW",
			"images": [
				{
					"type": "image",
					"href": {
						"type": "internal",
						"path": "bestiary/AI/Enormous Tentacle.webp"
					},
					"width": 792,
					"height": 1000
				}
			]
		},
		{
			"name": "Gildha Duhn",
			"source": "OoW",
			"images": [
				{
					"type": "image",
					"href": {
						"type": "internal",
						"path": "bestiary/OoW/Gildha Duhn.webp"
					},
					"width": 792,
					"height": 1000
				}
			]
		},
		{
			"name": "Grunka",
			"source": "OoW",
			"images": [
				{
					"type": "image",
					"href": {
						"type": "internal",
						"path": "bestiary/OoW/Grunka.webp"
					},
					"width": 818,
					"height": 1000
				}
			]
		},
		{
			"name": "Onyx",
			"source": "OoW",
			"entries": [
				{
					"type": "entries",
					"entries": [
						"Onyx is a regular cat, with special traits, and a modified attack, that only apply when used in the {@adventure Onyx Ascendant|OoW|6|Onyx Ascendant} encounter.",
						"Further information can be found within that encounter on how to run it.",
						"Without the special circumstances from that encounter, Onyx can be considered a standard cat"
					]
				}
			],
			"images": [
				{
					"type": "image",
					"href": {
						"type": "internal",
						"path": "bestiary/AI/Onyx.webp"
					},
					"width": 783,
					"height": 1000
				}
			]
		},
		{
			"name": "Two Dry Cloaks",
			"source": "OoW",
			"entries": [
				{
					"type": "entries",
					"entries": [
						{
							"type": "entries",
							"entries": [
								{
									"type": "entries",
									"entries": [
										"Rulers, nobles, merchants, guildmasters, and other wealthy individuals use spies to gain the upper hand in a world of cutthroat politics. A spy is trained to secretly gather information. Loyal spies would rather die than divulge information that could compromise them or their employers."
									]
								}
							]
						}
					]
				}
			],
			"images": [
				{
					"type": "image",
					"href": {
						"type": "internal",
						"path": "bestiary/AI/Two Dry Cloaks.webp"
					},
					"width": 792,
					"height": 1000
				}
			]
		}
	]
}
