{
	"monsterFluff": [
		{
			"name": "Ctenmiir the Vampire",
			"source": "LLK",
			"images": [
				{
					"type": "image",
					"href": {
						"type": "internal",
						"path": "bestiary/LLK/Ctenmiir the Vampire.webp"
					},
					"credit": "Maxx Marshall",
					"width": 1000,
					"height": 1236
				}
			]
		},
		{
			"name": "Garret Levistusson",
			"source": "LLK",
			"images": [
				{
					"type": "image",
					"href": {
						"type": "internal",
						"path": "bestiary/LLK/Garret Levistusson.webp"
					},
					"credit": "Stan!",
					"width": 1000,
					"height": 1639
				}
			]
		},
		{
			"name": "Gearbox",
			"source": "LLK",
			"images": [
				{
					"type": "image",
					"href": {
						"type": "internal",
						"path": "bestiary/LLK/Gearbox.webp"
					},
					"credit": "Stan!",
					"width": 1000,
					"height": 1000
				}
			]
		},
		{
			"name": "Gloine Nathair-Nathair",
			"source": "LLK",
			"images": [
				{
					"type": "image",
					"href": {
						"type": "internal",
						"path": "bestiary/LLK/Gloine Nathair-Nathair.webp"
					},
					"credit": "Shawn Wood",
					"width": 1000,
					"height": 797
				}
			]
		},
		{
			"name": "Mary Greymalkin",
			"source": "LLK",
			"images": [
				{
					"type": "image",
					"href": {
						"type": "internal",
						"path": "bestiary/LLK/Mary Greymalkin.webp"
					},
					"credit": "Maxx Marshall",
					"width": 1000,
					"height": 1618
				}
			]
		},
		{
			"name": "Monastery of the Distressed Body Grand Master",
			"source": "LLK",
			"images": [
				{
					"type": "image",
					"href": {
						"type": "internal",
						"path": "bestiary/LLK/Monastery of the Distressed Body Grand Master.webp"
					},
					"width": 1000,
					"height": 897
				}
			]
		}
	]
}
