{
	"monsterFluff": [
		{
			"name": "Decapus",
			"source": "TTP",
			"entries": [
				{
					"type": "entries",
					"entries": [
						{
							"type": "entries",
							"entries": [
								"Decapuses are carnivorous, solitary hunters that swing through trees, scooping up prey with their 10-foot-long, suckered tentacles. Decapuses also use their tentacles to climb walls and ceilings.",
								"After securing a high vantage point, a decapus hangs by one tentacle and attacks with the other nine. On the ground, a decapus is slower and less dangerous. It must use half of its tentacles to support its weight upright, leaving five tentacles with which it can attack and defend itself.",
								{
									"type": "entries",
									"name": "Marine Decapus",
									"entries": [
										"A marine decapus is similar to its land-dwelling cousin, except that it gains a swimming speed of 30 feet and can breathe only underwater."
									]
								}
							]
						}
					]
				}
			],
			"images": [
				{
					"type": "image",
					"href": {
						"type": "internal",
						"path": "bestiary/TTP/Decapus.webp"
					},
					"width": 668,
					"height": 700
				}
			]
		},
		{
			"name": "Geonid",
			"source": "TTP",
			"entries": [
				{
					"type": "entries",
					"entries": [
						{
							"type": "entries",
							"entries": [
								"Also known as rocklings and rock hermits, geonids are small, intelligent cave dwellers that originated on the Elemental Plane of Earth. A geonid's arms and legs come out of a small opening in the bottom of its shell. A geonid can draw its limbs into its shell and close the opening. When it does so, the creature looks like a small boulder. In this state, the geonid can't see and relies on its {@sense tremorsense|MM} to detect other creatures nearby.",
								{
									"type": "entries",
									"name": "Dark Lairs",
									"entries": [
										"Geonids live in natural tunnels and caves. They feed primarily on lizards, rats, slugs, and other vermin, as well as on cave lichen and moss. Geonids like to collect coins and gemstones, and they rarely confront creatures larger than themselves except to rob them or scare them away."
									]
								},
								{
									"type": "entries",
									"name": "Stone Tell",
									"entries": [
										"Geonids can attune to stone in a way that lets them discern what other creatures have been in the area recently. Geonids use this ability to track prey and to determine whether other creatures have trespassed in their territory. The information gleaned is imprecise and doesn't include the specific identities of such creatures or the precise times when they passed nearby."
									]
								}
							]
						}
					]
				}
			],
			"images": [
				{
					"type": "image",
					"href": {
						"type": "internal",
						"path": "bestiary/TTP/Geonid.webp"
					},
					"width": 773,
					"height": 700
				}
			]
		},
		{
			"name": "Topi",
			"source": "TTP",
			"entries": [
				{
					"type": "entries",
					"entries": [
						{
							"type": "entries",
							"entries": [
								"Topis are similar to zombies. Before a topi is animated, its corpse is shrunk until it stands only 2 feet tall, and its heart is cut out and replaced with a leather bag that contains a live poisonous snake. The snake requires neither air nor sustenance, and it magically renders the topi's claws venomous. When a topi dies, the snake inside it dies too. The process of creating a topi is known only to a handful of evil priests and necromancers.",
								"Topis are more difficult to turn than ordinary zombies, and their spongy bodies make them resistant to bludgeoning.",
								{
									"type": "entries",
									"name": "Undead Traits",
									"entries": [
										"A topi doesn't require air, food, drink, or sleep."
									]
								}
							]
						}
					]
				}
			],
			"images": [
				{
					"type": "image",
					"href": {
						"type": "internal",
						"path": "bestiary/TTP/Topi.webp"
					},
					"width": 779,
					"height": 700
				}
			]
		},
		{
			"name": "Two-Headed Plesiosaurus",
			"source": "TTP",
			"entries": [
				{
					"type": "entries",
					"entries": [
						{
							"type": "entries",
							"entries": [
								"A two-headed plesiosaurus is a marine dinosaur whose compact body is driven by powerful flippers. Predatory and aggressive, it attacks any creature it encounters. Its flexible necks account for a third of its total length, letting it twist in any direction to deliver a powerful bite.",
								{
									"type": "entries",
									"name": "Dinosaurs",
									"entries": [
										"Dinosaurs, or behemoths, are among the oldest reptiles in the world. Predatory dinosaurs are savage, territorial hunters. Herbivorous dinosaurs are less aggressive, but they might attack to defend their young, or if startled or harassed.",
										"Dinosaurs come in many sizes and shapes. Larger varieties often have drab coloration, while smaller dinosaurs have colorful markings akin to birds. Dinosaurs roam rugged and isolated areas that humanoids seldom visit, including remote mountain valleys, inaccessible plateaus, tropical islands, and deep fens."
									]
								}
							]
						}
					]
				}
			],
			"images": [
				{
					"type": "image",
					"href": {
						"type": "internal",
						"path": "bestiary/MM/Plesiosaurus.webp"
					},
					"width": 1700,
					"height": 1072
				}
			]
		}
	]
}
