{
	"monsterFluff": [
		{
			"name": "Ebonclaw",
			"source": "ToFW",
			"images": [
				{
					"type": "image",
					"href": {
						"type": "internal",
						"path": "bestiary/ToFW/ParvazOpheliaEbonclaw.webp"
					},
					"width": 1700,
					"height": 1136
				}
			]
		},
		{
			"name": "Eyestalk of Gzemnid",
			"source": "ToFW",
			"entries": [
				{
					"type": "entries",
					"entries": [
						"Gzemnid is a beholder god of deception, gases, and obscurement.",
						"The realm of the beholder deity Gzemnid lies beneath the Outlands. Most entrances into these mysterious, gas-filled caverns are found near chaotically aligned gate-towns\u2014like Bedlam, Sylvania, or Xaos\u2014but Gzemnid's Realm is elusive, even by the mutable standards of the Outlands."
					]
				}
			]
		},
		{
			"name": "Farrow",
			"source": "ToFW",
			"images": [
				{
					"type": "image",
					"href": {
						"type": "internal",
						"path": "bestiary/ToFW/FarrowPlum.webp"
					},
					"width": 850,
					"height": 2267
				}
			]
		},
		{
			"name": "Gertrube",
			"source": "ToFW",
			"images": [
				{
					"type": "image",
					"href": {
						"type": "internal",
						"path": "bestiary/ToFW/Gertrube.webp"
					},
					"width": 850,
					"height": 2266
				}
			]
		},
		{
			"name": "Josbert Plum",
			"source": "ToFW",
			"images": [
				{
					"type": "image",
					"href": {
						"type": "internal",
						"path": "bestiary/ToFW/FarrowPlum.webp"
					},
					"width": 850,
					"height": 2267
				}
			]
		},
		{
			"name": "Kopoha",
			"source": "ToFW",
			"images": [
				{
					"type": "image",
					"href": {
						"type": "internal",
						"path": "bestiary/ToFW/Kopoha.webp"
					},
					"width": 1700,
					"height": 1136
				}
			]
		},
		{
			"name": "Modron Planar Incarnate",
			"source": "ToFW",
			"images": [
				{
					"type": "image",
					"href": {
						"type": "internal",
						"path": "bestiary/ToFW/X01Modron.webp"
					},
					"width": 1700,
					"height": 2200
				}
			]
		},
		{
			"name": "Morte",
			"source": "ToFW",
			"entries": [
				{
					"type": "entries",
					"entries": [
						"The talking skull Morte is a curmudgeonly interplanar traveler plucked from his eternal punishment in the Nine Hells. Tormented by the lies he told in life, Morte masks his pain with a morbid sense of humor and an insufferable dose of sarcasm."
					]
				}
			],
			"images": [
				{
					"type": "image",
					"href": {
						"type": "internal",
						"path": "bestiary/ToFW/Morte.webp"
					},
					"width": 682,
					"height": 1000
				}
			]
		},
		{
			"name": "Ophelia",
			"source": "ToFW",
			"images": [
				{
					"type": "image",
					"href": {
						"type": "internal",
						"path": "bestiary/ToFW/ParvazOpheliaEbonclaw.webp"
					},
					"width": 1700,
					"height": 1136
				}
			]
		},
		{
			"name": "Parvaz",
			"source": "ToFW",
			"images": [
				{
					"type": "image",
					"href": {
						"type": "internal",
						"path": "bestiary/ToFW/ParvazOpheliaEbonclaw.webp"
					},
					"width": 1700,
					"height": 1136
				}
			]
		},
		{
			"name": "R04M",
			"source": "ToFW",
			"images": [
				{
					"type": "image",
					"href": {
						"type": "internal",
						"path": "bestiary/ToFW/R04M.webp"
					},
					"width": 850,
					"height": 1147
				}
			]
		},
		{
			"name": "Shariel",
			"source": "ToFW",
			"images": [
				{
					"type": "image",
					"href": {
						"type": "internal",
						"path": "bestiary/ToFW/Shariel.webp"
					},
					"width": 850,
					"height": 1532
				}
			]
		},
		{
			"name": "Vecna Impersonator",
			"source": "ToFW",
			"images": [
				{
					"type": "image",
					"href": {
						"type": "internal",
						"path": "bestiary/ToFW/VecnaImpersonator.webp"
					},
					"width": 850,
					"height": 1942
				}
			]
		},
		{
			"name": "Whirlwyrm",
			"source": "ToFW",
			"images": [
				{
					"type": "image",
					"href": {
						"type": "internal",
						"path": "bestiary/ToFW/Whirlwyrm.webp"
					},
					"width": 1700,
					"height": 1136
				}
			]
		},
		{
			"name": "X01",
			"source": "ToFW",
			"images": [
				{
					"type": "image",
					"href": {
						"type": "internal",
						"path": "bestiary/ToFW/X01Modron.webp"
					},
					"width": 1700,
					"height": 2200
				}
			]
		},
		{
			"name": "Zaythir",
			"source": "ToFW",
			"images": [
				{
					"type": "image",
					"href": {
						"type": "internal",
						"path": "bestiary/ToFW/Zaythir.webp"
					},
					"width": 1700,
					"height": 1136
				}
			]
		}
	]
}
