{
	"monsterFluff": [
		{
			"name": "Astral Blight",
			"source": "LoX",
			"images": [
				{
					"type": "image",
					"href": {
						"type": "internal",
						"path": "bestiary/LoX/Astral Blight.webp"
					},
					"credit": "Irina Nordsol",
					"width": 1000,
					"height": 921
				}
			]
		},
		{
			"name": "Big Momma",
			"source": "LoX",
			"images": [
				{
					"type": "image",
					"href": {
						"type": "internal",
						"path": "bestiary/LoX/024-10-006.big-momma.webp"
					},
					"credit": "Ralph Horsley",
					"width": 1700,
					"height": 1079
				}
			]
		},
		{
			"name": "Commodore Krux",
			"source": "LoX",
			"images": [
				{
					"type": "image",
					"href": {
						"type": "internal",
						"path": "bestiary/LoX/016-10-002.commodore-krux.webp"
					},
					"credit": "Mark Behm",
					"width": 850,
					"height": 1096
				}
			]
		},
		{
			"name": "Elaina Sartell",
			"source": "LoX",
			"images": [
				{
					"type": "image",
					"href": {
						"type": "internal",
						"path": "bestiary/LoX/006-09-002.captain-elaina-sartell.webp"
					},
					"credit": "Andrew Mar",
					"width": 850,
					"height": 1095
				}
			]
		},
		{
			"name": "Fel Ardra",
			"source": "LoX",
			"images": [
				{
					"type": "image",
					"href": {
						"type": "internal",
						"path": "bestiary/LoX/019-10-003.fel-ardra.webp"
					},
					"credit": "Zuzanna Wužyk",
					"width": 850,
					"height": 1561
				}
			]
		},
		{
			"name": "Flapjack",
			"source": "LoX",
			"entries": [
				{
					"type": "entries",
					"entries": [
						"One crew member stayed aboard the Moondancer while it was in port: a flumph named Flapjack, who serves as the ship's spelljammer."
					]
				}
			],
			"images": [
				{
					"type": "image",
					"href": {
						"type": "internal",
						"path": "bestiary/LoX/Flapjack the Flumph.webp"
					},
					"credit": "Suzanne Helmigh",
					"width": 850,
					"height": 999
				}
			]
		},
		{
			"name": "Grimzod Gargenhale",
			"source": "LoX",
			"images": [
				{
					"type": "image",
					"href": {
						"type": "internal",
						"path": "bestiary/LoX/025-10-007.grimzod-gargenhale.webp"
					},
					"credit": "Irina Nordsol",
					"width": 720,
					"height": 1603
				}
			]
		},
		{
			"name": "Hastain",
			"source": "LoX",
			"images": [
				{
					"type": "image",
					"href": {
						"type": "internal",
						"path": "bestiary/LoX/020-10-004.hastain.webp"
					},
					"credit": "Nikki Dawes",
					"width": 850,
					"height": 1346
				}
			]
		},
		{
			"name": "Prince Xeleth",
			"source": "LoX",
			"images": [
				{
					"type": "image",
					"href": {
						"type": "internal",
						"path": "bestiary/LoX/038-11-007.prince-xeteth.webp"
					},
					"credit": "Robson Michel",
					"width": 850,
					"height": 1591
				},
				{
					"type": "image",
					"href": {
						"type": "internal",
						"path": "bestiary/LoX/000-08-000.prince-xeleth-splash.webp"
					},
					"credit": "Merlin G.G.",
					"width": 1700,
					"height": 1098
				}
			]
		},
		{
			"name": "Princess Xedalli",
			"source": "LoX",
			"images": [
				{
					"type": "image",
					"href": {
						"type": "internal",
						"path": "bestiary/LoX/029-11-001.part-three-splash.webp"
					},
					"credit": "Katerina Ladon",
					"width": 1700,
					"height": 2258
				},
				{
					"type": "image",
					"href": {
						"type": "internal",
						"path": "bestiary/LoX/003-08-003.princess-xedalli.webp"
					},
					"credit": "Robson Michel",
					"width": 801,
					"height": 1822
				}
			]
		},
		{
			"name": "Topolah",
			"source": "LoX",
			"images": [
				{
					"type": "image",
					"href": {
						"type": "internal",
						"path": "bestiary/LoX/023-10-005.topolah-and-her-birds.webp"
					},
					"credit": "Shawn Wood",
					"width": 850,
					"height": 1009
				}
			]
		},
		{
			"name": "Vocath",
			"source": "LoX",
			"images": [
				{
					"type": "image",
					"href": {
						"type": "internal",
						"path": "bestiary/LoX/034-11-005.vocath.webp"
					},
					"credit": "Olivier Bernard",
					"width": 850,
					"height": 961
				}
			]
		},
		{
			"name": "Warwyck Blastimoff",
			"source": "LoX",
			"images": [
				{
					"type": "image",
					"href": {
						"type": "internal",
						"path": "bestiary/LoX/030-11-002.major-warwyck-blastimoff.webp"
					},
					"credit": "Zuzanna Wužyk",
					"width": 850,
					"height": 1206
				}
			]
		}
	]
}
