{
	"monsterFluff": [
		{
			"name": "Avatar of Death",
			"source": "DMG",
			"entries": [
				{
					"type": "entries",
					"entries": [
						{
							"type": "entries",
							"entries": [
								{
									"type": "entries",
									"entries": [
										"Summoned by the \"Skull\" card from the {@item Deck of Many Things}."
									]
								}
							]
						}
					]
				}
			]
		},
		{
			"name": "Giant Fly",
			"source": "DMG",
			"images": [
				{
					"type": "image",
					"href": {
						"type": "internal",
						"path": "bestiary/DMG/Giant Fly.webp"
					},
					"width": 1000,
					"height": 792
				}
			]
		}
	]
}
