{
	"monsterFluff": [
		{
			"name": "Krenko",
			"source": "KKW",
			"images": [
				{
					"type": "image",
					"href": {
						"type": "internal",
						"path": "bestiary/KKW/109-429.webp"
					},
					"width": 1001,
					"height": 668
				}
			]
		},
		{
			"name": "Loading Rig",
			"source": "KKW",
			"images": [
				{
					"type": "image",
					"href": {
						"type": "internal",
						"path": "bestiary/KKW/Loading Rig.webp"
					},
					"width": 1000,
					"height": 668
				}
			]
		}
	]
}
